date,vov_30,vov_60,vov_90,vov_180
2006-03-01,,59.97,,
2006-03-02,,60.95,,
2006-03-03,,54.17,,
2006-03-06,71.73,59.82,,
2006-03-07,,55.69,,
2006-03-08,,53.6,,
2006-03-09,,55.78,,
2006-03-10,,55.7,,
2006-03-13,,56.48,,
2006-03-14,,55.72,,
2006-03-15,15.71,58.81,,
2006-03-16,27.94,60.1,,
2006-03-17,28.6,59.28,,
2006-03-27,,36.47,51.95,45.91
2006-03-28,,36.53,51.31,45.51
2006-03-29,,37.19,51.08,45.61
2006-03-30,,36.52,51.34,45.47
2006-03-31,,35.27,52.98,45.94
2006-04-03,,38.24,55.4,48.49
2006-04-04,,37.07,53.43,46.81
2006-04-05,,39.15,52.9,47.32
2006-04-06,,36.65,50.43,44.8
2006-04-07,,36.71,53.77,46.77
2006-04-10,,38.42,53.89,47.46
2006-04-11,69.55,39.58,58.81,50.78
2006-04-12,,41.12,53.89,48.53
2006-04-13,,37.06,53.54,46.6
2006-04-17,,38.09,58.55,49.77
2006-04-18,,36.31,55.01,46.94
2006-04-19,,38.16,57.38,49.05
2006-04-20,,36.54,54.48,46.67
2006-04-21,,36.72,56.81,48.02
2006-04-24,63.42,46.64,45.46,42.01
2006-04-25,61.33,44.03,43.03,40.07
2006-04-26,,43.97,42.94,39.92
2006-04-27,,41.77,41.0,38.75
2006-04-28,,42.12,41.34,39.07
2006-05-01,61.96,47.93,46.39,41.89
2006-05-02,,50.18,48.51,43.6
2006-05-03,,49.45,47.88,43.27
2006-05-04,,51.79,49.97,44.65
2006-05-05,,51.54,49.72,44.39
2006-05-08,,51.08,49.4,44.49
2006-05-09,,51.1,49.23,43.76
2006-05-10,,51.47,49.7,44.51
2006-05-11,,51.14,49.39,44.23
2006-05-12,,69.92,66.57,56.75
2006-05-15,,65.65,62.39,52.84
2006-05-16,,56.32,54.06,47.41
2006-05-17,,77.92,73.77,61.58
2006-05-18,,66.79,66.71,59.07
2006-05-19,,63.92,63.78,57.22
2006-05-22,91.76,74.94,67.06,59.53
2006-05-23,88.66,79.88,70.65,61.54
2006-05-24,88.63,73.42,66.96,59.16
2006-05-25,82.64,67.81,60.74,54.02
2006-05-26,72.5,59.88,55.04,48.9
2006-05-30,82.14,75.0,67.75,59.58
2006-05-31,77.44,66.36,62.38,55.05
2006-06-01,74.08,60.54,55.04,49.01
2006-06-02,70.27,58.59,54.36,47.98
2006-06-05,77.38,67.4,63.43,55.4
2006-06-06,78.66,70.56,66.11,57.17
2006-06-07,73.86,71.04,67.13,57.98
2006-06-08,78.12,72.04,68.15,58.09
2006-06-09,79.87,71.03,67.21,57.13
2006-06-12,83.52,78.6,74.05,63.3
2006-06-13,93.2,88.71,81.73,68.04
2006-06-14,102.11,84.17,77.52,63.32
2006-06-15,99.13,91.19,85.18,66.41
2006-06-16,106.93,88.01,81.85,64.98
2006-06-19,102.56,87.68,82.08,65.63
2006-06-20,94.76,85.67,80.16,64.01
2006-06-21,92.4,53.44,77.39,62.56
2006-06-22,91.85,53.24,75.36,61.57
2006-06-23,86.81,52.69,75.32,61.12
2006-06-26,90.71,52.77,76.1,61.15
2006-06-27,95.12,53.31,78.25,62.16
2006-06-28,96.44,51.51,78.81,61.06
2006-06-29,96.63,44.44,70.72,53.52
2006-06-30,92.1,44.33,63.3,50.79
2006-07-03,89.13,43.19,61.18,49.06
2006-07-05,91.98,48.43,72.14,55.92
2006-07-06,92.88,45.09,68.7,52.42
2006-07-07,91.46,46.75,70.06,53.87
2006-07-10,93.52,48.1,71.64,54.9
2006-07-11,91.99,43.95,64.37,49.74
2006-07-12,,50.48,75.58,57.45
2006-07-13,,56.6,88.32,65.23
2006-07-14,,59.56,95.16,69.04
2006-07-17,,62.24,97.77,71.05
2006-07-18,,60.8,100.11,70.3
2006-07-19,,57.34,89.27,64.85
2006-07-20,,59.12,91.2,66.46
2006-07-21,,60.43,97.41,68.65
2006-07-24,99.61,74.41,70.63,59.52
2006-07-25,94.97,73.21,69.54,58.76
2006-07-26,89.23,71.39,68.41,59.65
2006-07-27,95.29,73.69,70.28,60.25
2006-07-28,93.16,70.66,67.28,57.33
2006-07-31,92.79,74.93,71.18,60.2
2006-08-01,92.67,72.74,69.43,59.7
2006-08-02,91.34,70.64,66.89,55.89
2006-08-03,89.24,72.47,68.4,56.44
2006-08-04,90.68,71.29,67.31,55.63
2006-08-07,89.58,76.49,72.45,60.61
2006-08-08,88.09,75.5,71.51,59.8
2006-08-09,,78.61,73.66,59.11
2006-08-10,,73.53,69.05,55.9
2006-08-11,,72.85,68.25,54.75
2006-08-14,,70.49,66.41,54.44
2006-08-15,,63.45,60.09,50.22
2006-08-16,57.01,53.37,51.83,47.32
2006-08-17,,54.28,55.28,
2006-08-18,,56.93,58.12,
2006-08-21,80.68,88.77,58.36,
2006-08-22,78.75,89.29,58.15,
2006-08-23,81.15,88.36,59.36,
2006-08-24,79.7,86.8,58.85,
2006-08-25,81.94,85.3,58.14,
2006-08-28,79.47,82.48,58.91,
2006-08-29,81.8,85.8,60.97,
2006-08-30,80.77,85.09,60.24,
2006-08-31,79.84,81.38,58.31,
2006-09-01,77.19,78.39,58.26,
2006-09-05,80.18,77.41,60.36,
2006-09-06,82.96,72.49,62.76,
2006-09-07,86.18,74.35,65.61,
2006-09-08,83.7,70.51,61.54,
2006-09-11,85.78,68.31,60.51,
2006-09-12,80.99,65.66,58.41,
2006-09-13,81.55,67.08,59.79,
2006-09-14,81.93,63.88,58.25,
2006-09-15,59.52,64.55,59.5,
2006-09-18,80.97,61.56,57.85,
2006-09-19,81.77,63.44,59.42,
2006-09-22,85.74,51.98,62.7,
2006-09-25,82.01,70.75,,
2006-09-26,81.59,71.84,,
2006-09-27,81.08,71.49,,
2006-09-28,84.74,73.09,,
2006-09-29,84.31,73.3,,
2006-10-02,85.46,67.63,58.15,
2006-10-03,86.57,71.94,,
2006-10-04,82.5,70.49,,
2006-10-05,87.5,69.86,,
2006-10-06,85.63,68.58,,
2006-10-09,84.76,56.48,,
2006-10-10,83.62,60.03,,
2006-10-11,88.4,59.94,,
2006-10-12,86.87,64.43,58.22,
2006-10-13,86.61,60.94,57.22,
2006-10-16,82.29,53.95,50.9,
2006-10-17,66.99,58.24,54.35,
2006-10-18,79.1,55.85,52.37,
2006-10-19,77.71,53.07,51.35,
2006-10-20,78.6,59.77,53.65,
2006-10-23,84.73,64.83,53.46,
2006-10-24,87.39,62.74,55.45,
2006-10-25,85.9,62.2,55.62,
2006-10-26,81.6,59.59,55.54,
2006-10-27,82.71,64.82,61.8,
2006-10-30,80.16,68.78,64.59,
2006-10-31,76.4,60.95,60.75,
2006-11-01,78.89,61.17,61.77,
2006-11-02,77.08,59.19,56.93,
2006-11-03,75.19,54.92,53.94,
2006-11-06,70.46,51.79,51.25,
2006-11-07,67.5,51.93,50.52,
2006-11-08,62.08,43.21,44.76,
2006-11-09,60.42,46.01,47.06,
2006-11-10,61.06,44.73,44.48,
2006-11-13,36.14,41.17,43.32,
2006-11-14,60.77,45.2,39.9,
2006-11-15,58.58,46.56,38.44,
2006-11-16,62.48,39.85,,
2006-11-17,64.3,38.04,38.72,36.35
2006-11-20,65.98,39.93,40.78,38.14
2006-11-21,65.3,43.95,42.9,38.46
2006-11-22,63.62,46.42,41.3,39.05
2006-11-24,66.48,50.02,46.1,42.53
2006-11-27,71.6,59.42,55.23,49.85
2006-11-28,66.56,53.08,52.18,47.48
2006-11-29,60.3,49.26,47.39,43.15
2006-11-30,61.39,49.97,47.85,42.39
2006-12-01,62.33,53.91,50.94,45.85
2006-12-04,62.11,49.47,47.38,43.24
2006-12-05,65.87,50.79,48.84,43.58
2006-12-06,66.49,51.84,50.55,44.84
2006-12-07,68.65,60.91,57.56,49.82
2006-12-08,71.34,57.55,54.39,47.13
2006-12-11,72.84,50.47,47.83,41.56
2006-12-12,74.78,52.81,50.27,43.17
2006-12-13,79.06,49.0,46.74,41.07
2006-12-14,82.57,48.94,46.26,39.85
2006-12-15,84.63,50.69,48.14,41.51
2006-12-18,84.26,54.93,52.33,44.69
2006-12-19,78.91,52.36,50.02,43.18
2006-12-20,84.68,34.51,50.07,40.87
2006-12-21,83.94,54.61,46.84,41.15
2006-12-22,83.41,58.54,49.8,43.43
2006-12-26,85.28,57.32,51.51,44.54
2006-12-27,83.01,54.25,51.12,42.47
2006-12-28,88.72,57.0,52.12,43.49
2006-12-29,88.16,61.68,56.77,47.11
2007-01-03,87.63,65.29,60.12,49.35
2007-01-04,88.19,63.57,57.48,47.72
2007-01-05,90.17,66.58,59.66,49.3
2007-01-08,92.04,67.12,59.97,49.34
2007-01-09,92.76,69.26,62.92,50.17
2007-01-10,93.78,64.21,58.67,47.81
2007-01-11,85.97,60.83,56.81,45.36
2007-01-12,85.18,51.78,48.47,40.76
2007-01-16,85.3,58.79,55.36,46.02
2007-01-17,84.93,60.68,56.97,45.27
2007-01-18,83.66,62.3,58.18,46.05
2007-01-19,82.49,59.24,55.67,44.53
2007-01-22,84.43,62.54,53.54,44.38
2007-01-23,81.48,59.95,49.16,43.15
2007-01-24,77.51,48.09,47.73,40.66
2007-01-25,80.45,60.17,55.6,45.82
2007-01-26,81.36,60.63,54.3,45.65
2007-01-29,81.68,62.29,57.31,46.62
2007-01-30,78.9,57.68,53.9,43.76
2007-01-31,77.28,52.43,54.68,44.3
2007-02-01,73.5,51.43,54.31,41.61
2007-02-02,72.44,50.89,52.57,40.69
2007-02-05,70.29,54.08,52.35,43.94
2007-02-06,68.55,53.79,53.51,42.04
2007-02-07,70.32,50.27,50.6,44.06
2007-02-08,73.18,51.2,50.83,44.05
2007-02-09,74.39,54.54,51.62,44.29
2007-02-12,79.12,58.93,54.95,45.24
2007-02-13,75.72,55.12,51.52,41.84
2007-02-14,74.0,53.88,52.06,45.26
2007-02-15,70.34,46.93,52.92,40.66
2007-02-16,70.74,56.57,54.21,40.24
2007-02-20,65.87,54.82,54.1,39.71
2007-02-21,67.37,46.79,52.57,41.13
2007-02-22,66.05,47.03,53.16,
2007-02-23,70.71,53.33,54.13,
2007-02-26,70.33,56.5,56.65,
2007-02-27,110.42,93.95,81.29,
2007-02-28,91.64,82.2,71.32,
2007-03-01,99.47,88.26,72.81,65.28
2007-03-02,104.17,99.83,88.2,77.01
2007-03-05,101.2,99.41,88.17,77.41
2007-03-06,93.65,86.17,75.96,67.47
2007-03-07,94.41,83.28,73.51,65.47
2007-03-08,93.97,78.85,70.27,63.01
2007-03-09,91.82,76.02,67.91,61.06
2007-03-12,90.02,73.72,67.72,60.88
2007-03-13,94.53,83.41,78.03,69.34
2007-03-14,98.08,75.46,71.0,63.7
2007-03-15,99.55,74.77,70.61,63.47
2007-03-16,102.74,77.9,74.4,66.35
2007-03-19,93.9,68.95,66.73,60.19
2007-03-20,89.55,68.11,65.88,59.34
2007-03-21,94.13,37.22,59.56,53.51
2007-03-22,95.52,66.42,57.11,52.44
2007-03-23,96.37,69.39,57.68,52.87
2007-03-26,95.95,72.71,62.01,56.07
2007-03-27,101.0,76.35,63.17,56.97
2007-03-28,104.79,85.15,71.13,63.14
2007-03-29,102.31,84.73,71.44,63.54
2007-03-30,99.78,83.82,70.84,63.12
2007-04-02,98.92,80.34,68.58,61.34
2007-04-03,94.98,76.28,67.1,59.61
2007-04-04,96.12,76.48,65.35,57.84
2007-04-05,93.6,75.79,65.38,57.88
2007-04-09,92.3,73.83,65.03,57.67
2007-04-10,87.37,67.91,61.24,54.96
2007-04-11,93.47,74.56,67.72,59.72
2007-04-12,91.38,68.67,62.49,55.12
2007-04-13,88.71,64.17,58.74,52.56
2007-04-16,83.98,62.51,58.35,51.8
2007-04-17,83.68,62.15,58.59,52.04
2007-04-18,80.59,62.67,59.38,52.73
2007-04-19,77.91,63.03,60.37,53.68
2007-04-20,79.18,55.84,53.58,47.96
2007-04-23,79.33,65.73,57.07,52.01
2007-04-24,77.83,66.94,57.19,51.8
2007-04-25,80.79,68.32,58.41,52.43
2007-04-26,81.67,66.04,56.32,51.12
2007-04-27,80.66,61.84,52.91,47.9
2007-04-30,85.33,80.93,67.19,59.44
2007-05-01,81.28,72.33,63.49,56.83
2007-05-02,82.59,69.98,62.22,55.08
2007-05-03,78.81,66.95,62.24,55.52
2007-05-04,77.1,64.66,58.99,52.53
2007-05-07,78.51,66.04,60.6,53.94
2007-05-08,79.9,66.72,62.33,55.21
2007-05-09,85.89,61.52,58.13,52.0
2007-05-10,83.58,67.6,64.27,56.59
2007-05-11,79.47,60.9,57.54,51.57
2007-05-14,82.02,72.21,68.98,60.16
2007-05-15,76.68,71.58,69.83,60.77
2007-05-16,70.26,62.4,58.01,51.24
2007-05-17,72.94,63.8,59.62,52.88
2007-05-18,75.43,55.2,53.59,48.85
2007-05-21,71.82,61.23,58.93,53.0
2007-05-22,72.36,60.47,55.55,50.75
2007-05-23,71.44,61.0,55.74,51.05
2007-05-24,74.36,69.1,59.75,54.28
2007-05-25,72.42,61.28,55.58,50.6
2007-05-29,72.48,59.6,56.66,51.93
2007-05-30,71.61,52.28,51.13,47.03
2007-05-31,72.2,55.39,53.91,49.46
2007-06-01,70.19,52.08,50.82,47.22
2007-06-04,70.74,56.21,54.65,49.83
2007-06-05,69.24,56.69,54.74,50.4
2007-06-06,72.06,66.82,62.24,56.72
2007-06-07,75.83,72.34,67.61,60.23
2007-06-08,70.69,58.5,55.72,52.02
2007-06-11,68.73,56.66,53.24,50.27
2007-06-12,69.48,66.7,63.17,57.35
2007-06-13,68.81,57.01,54.74,51.27
2007-06-14,63.52,50.41,48.9,46.58
2007-06-15,64.03,52.55,51.39,48.24
2007-06-18,66.76,49.16,47.88,45.76
2007-06-19,67.24,45.25,43.72,42.08
2007-06-20,76.8,58.77,55.91,51.37
2007-06-21,74.76,55.43,53.14,48.98
2007-06-22,78.35,62.96,59.19,53.91
2007-06-25,78.07,65.94,62.06,55.87
2007-06-26,82.01,73.67,64.75,57.8
2007-06-27,78.48,63.9,57.99,53.06
2007-06-28,76.04,63.25,57.91,53.09
2007-06-29,76.94,65.21,60.83,54.42
2007-07-02,75.56,61.85,57.05,52.1
2007-07-03,74.63,58.78,55.48,51.0
2007-07-05,75.86,61.69,58.11,53.09
2007-07-06,74.85,57.8,55.53,50.64
2007-07-09,73.05,60.03,57.6,52.68
2007-07-10,79.99,70.08,64.68,57.47
2007-07-11,81.55,66.32,62.45,55.9
2007-07-12,76.6,60.65,58.25,52.45
2007-07-13,76.65,59.6,57.4,52.29
2007-07-16,72.56,59.13,57.15,51.42
2007-07-17,72.41,58.49,56.8,51.88
2007-07-18,73.57,60.28,55.18,51.33
2007-07-19,72.02,56.48,51.93,49.14
2007-07-20,73.76,61.94,58.84,53.53
2007-07-23,74.56,62.05,57.66,52.82
2007-07-24,79.32,68.05,62.45,56.05
2007-07-25,75.31,66.04,60.93,54.94
2007-07-26,87.38,77.0,69.19,59.98
2007-07-27,97.23,83.88,72.44,61.9
2007-07-30,97.45,80.32,73.33,63.12
2007-07-31,104.08,93.5,80.43,67.09
2007-08-01,108.86,96.83,82.93,68.79
2007-08-02,100.8,89.78,80.47,67.12
2007-08-03,104.05,96.92,86.29,70.52
2007-08-06,95.22,90.89,81.78,67.45
2007-08-07,85.96,84.73,78.61,65.33
2007-08-08,82.52,77.35,73.07,62.33
2007-08-09,99.87,91.27,83.32,69.04
2007-08-10,108.91,100.48,90.95,75.31
2007-08-13,108.57,98.1,90.08,73.94
2007-08-14,114.96,105.46,96.59,77.5
2007-08-15,121.67,106.53,98.28,78.63
2007-08-16,142.99,125.37,115.84,90.82
2007-08-17,133.87,111.63,104.12,84.04
2007-08-20,125.04,106.05,99.47,80.17
2007-08-21,122.6,105.33,98.62,78.92
2007-08-22,117.47,99.53,79.7,67.53
2007-08-23,117.42,101.3,84.46,69.74
2007-08-24,111.95,98.05,81.01,67.11
2007-08-27,115.24,101.78,85.18,69.43
2007-08-28,119.79,112.31,91.99,74.77
2007-08-29,113.22,104.18,86.6,70.72
2007-08-30,112.66,107.02,88.55,72.49
2007-08-31,109.27,102.95,85.44,70.35
2007-09-04,104.87,97.98,81.96,68.07
2007-09-05,107.91,101.33,85.57,70.59
2007-09-06,106.6,98.89,84.88,70.91
2007-09-07,108.22,101.44,88.18,71.8
2007-09-10,107.07,100.83,89.51,72.51
2007-09-11,103.75,97.22,87.23,71.95
2007-09-12,106.95,93.74,84.66,70.87
2007-09-13,104.63,92.72,83.17,69.71
2007-09-14,104.39,91.52,83.2,69.72
2007-09-17,102.22,92.12,84.58,70.95
2007-09-18,92.33,72.24,68.09,60.37
2007-09-19,97.7,75.06,66.92,59.83
2007-09-20,97.38,73.78,67.48,60.2
2007-09-21,98.14,71.93,65.45,58.09
2007-09-24,94.27,70.49,66.32,59.2
2007-09-25,94.33,67.1,62.53,56.89
2007-09-26,89.49,60.76,57.38,53.44
2007-09-27,87.57,57.65,55.62,51.73
2007-09-28,87.13,62.95,58.4,53.99
2007-10-01,84.48,63.13,58.09,53.42
2007-10-02,88.74,68.64,61.68,56.33
2007-10-03,87.65,69.05,62.98,57.05
2007-10-04,89.38,69.17,61.94,56.13
2007-10-05,83.91,60.34,56.44,52.32
2007-10-08,84.96,64.07,58.17,52.85
2007-10-09,79.93,57.68,54.13,49.63
2007-10-10,87.46,62.91,58.97,52.52
2007-10-11,95.78,77.34,71.3,60.78
2007-10-12,90.63,70.56,66.41,57.69
2007-10-15,86.18,76.45,72.28,60.88
2007-10-16,91.47,78.6,74.41,63.7
2007-10-17,89.48,73.11,66.95,58.51
2007-10-18,83.37,72.58,66.73,57.84
2007-10-19,91.56,85.48,75.44,62.46
2007-10-22,88.17,82.7,71.68,59.11
2007-10-23,86.42,77.67,68.43,57.28
2007-10-24,89.14,78.35,69.44,57.68
2007-10-25,90.82,79.82,69.61,57.46
2007-10-26,95.36,77.54,68.53,55.73
2007-10-29,95.01,78.17,69.36,57.04
2007-10-30,100.37,83.55,72.37,57.63
2007-10-31,93.62,73.21,64.73,53.67
2007-11-01,97.53,89.96,78.87,62.22
2007-11-02,97.46,85.13,75.54,60.7
2007-11-05,97.29,85.24,77.09,61.78
2007-11-06,92.7,77.63,70.43,56.71
2007-11-07,98.17,85.96,78.09,63.3
2007-11-08,97.36,86.02,78.41,62.76
2007-11-09,97.86,88.05,80.76,66.56
2007-11-12,98.09,88.3,81.99,67.86
2007-11-13,92.58,80.86,75.0,61.69
2007-11-14,94.39,83.56,77.84,63.12
2007-11-15,92.96,83.85,79.06,66.03
2007-11-16,92.8,81.54,76.58,62.74
2007-11-19,91.13,81.07,76.43,62.81
2007-11-20,91.34,82.28,76.95,61.3
2007-11-21,94.49,84.27,75.13,63.64
2007-11-23,89.62,82.83,74.08,
2007-11-26,91.55,85.09,76.0,58.35
2007-11-27,90.7,82.85,74.09,56.43
2007-11-28,91.62,81.57,72.18,54.26
2007-11-29,91.08,81.81,72.07,54.31
2007-11-30,88.88,78.62,70.17,56.56
2007-12-03,87.45,78.51,71.01,53.59
2007-12-04,86.85,78.94,71.19,54.7
2007-12-05,83.08,74.79,67.79,53.33
2007-12-06,81.51,71.12,64.77,50.05
2007-12-07,82.47,70.5,63.55,50.2
2007-12-10,81.5,68.44,62.56,49.87
2007-12-11,82.58,74.65,69.19,54.91
2007-12-12,89.41,74.45,68.06,53.34
2007-12-13,88.19,72.89,67.04,53.2
2007-12-14,85.82,72.11,66.7,52.99
2007-12-17,85.38,73.66,69.27,55.5
2007-12-18,80.83,67.75,63.48,52.79
2007-12-19,83.47,66.54,61.93,50.69
2007-12-20,79.44,63.78,58.75,49.5
2007-12-21,82.87,60.23,56.99,45.42
2007-12-24,79.85,58.97,56.62,48.44
2007-12-26,80.79,60.03,59.07,50.12
2007-12-27,84.36,66.61,62.44,54.17
2007-12-28,84.03,66.09,61.86,54.25
2007-12-31,82.19,69.83,63.91,56.62
2008-01-02,80.58,70.16,52.02,56.61
2008-01-03,79.33,68.78,51.37,55.55
2008-01-04,81.46,72.06,52.91,57.29
2008-01-07,79.51,69.92,52.71,56.68
2008-01-08,79.59,70.99,54.68,58.01
2008-01-09,89.37,72.22,53.06,57.28
2008-01-10,84.98,70.21,51.86,56.1
2008-01-11,84.66,71.13,52.8,57.06
2008-01-14,86.96,71.11,51.19,55.58
2008-01-15,81.13,70.34,52.6,56.57
2008-01-16,80.51,70.04,62.46,55.88
2008-01-17,84.99,72.38,56.95,59.11
2008-01-18,77.24,69.06,56.46,58.22
2008-01-22,86.58,74.22,68.06,56.55
2008-01-23,82.68,74.69,67.03,56.2
2008-01-24,81.31,72.43,64.74,55.01
2008-01-25,79.0,71.95,65.46,55.35
2008-01-28,76.43,71.28,63.64,53.83
2008-01-29,77.46,69.05,60.36,52.74
2008-01-30,76.41,70.45,62.84,53.84
2008-01-31,75.21,68.74,61.13,52.87
2008-02-01,73.94,65.58,59.67,51.51
2008-02-04,73.9,67.04,60.6,52.52
2008-02-05,75.06,67.96,61.84,54.36
2008-02-06,74.63,67.62,61.96,54.35
2008-02-07,72.0,66.26,61.23,54.18
2008-02-08,72.6,66.57,61.62,54.11
2008-02-11,71.41,66.22,61.21,53.77
2008-02-12,72.52,64.08,59.6,53.19
2008-02-13,71.44,60.49,56.93,51.47
2008-02-14,69.23,60.52,57.06,51.8
2008-02-15,74.72,60.22,56.87,51.16
2008-02-19,69.6,60.33,56.56,50.8
2008-02-20,71.29,58.75,55.73,50.08
2008-02-21,69.65,60.59,56.19,50.73
2008-02-22,65.47,58.35,53.2,49.17
2008-02-25,68.92,57.99,51.72,47.9
2008-02-26,68.59,55.84,50.45,46.16
2008-02-27,67.56,57.03,50.81,46.29
2008-02-28,66.61,56.23,52.19,49.4
2008-02-29,69.81,61.59,55.21,50.94
2008-03-03,71.02,61.07,54.67,50.68
2008-03-04,69.95,60.8,53.97,52.3
2008-03-05,68.51,59.0,53.27,49.58
2008-03-06,74.53,64.09,56.17,51.11
2008-03-07,76.02,65.38,57.06,50.96
2008-03-10,77.45,67.02,58.97,52.94
2008-03-11,73.76,62.9,55.96,51.2
2008-03-12,73.94,62.6,56.51,51.32
2008-03-13,75.56,63.39,56.64,51.91
2008-03-14,80.99,69.61,60.37,54.41
2008-03-17,80.71,71.81,63.81,55.14
2008-03-18,72.97,61.41,56.86,50.35
2008-03-19,70.5,63.78,59.12,52.08
2008-03-20,66.97,59.88,56.22,49.93
2008-03-24,68.82,59.0,55.01,49.46
2008-03-25,68.65,58.57,55.61,49.57
2008-03-26,69.56,59.0,55.53,49.36
2008-03-27,69.0,57.25,55.34,49.33
2008-03-28,68.79,57.25,55.06,49.18
2008-03-31,67.64,56.26,54.14,49.34
2008-04-01,66.96,53.34,49.8,45.6
2008-04-02,67.61,55.79,51.59,46.0
2008-04-03,66.11,55.0,52.38,46.54
2008-04-04,64.56,52.5,49.21,45.35
2008-04-07,67.4,54.49,50.95,45.7
2008-04-08,67.3,54.82,50.21,45.15
2008-04-09,75.24,56.29,51.71,46.14
2008-04-10,75.47,54.2,48.56,43.7
2008-04-11,74.74,55.41,51.05,44.89
2008-04-14,72.39,55.4,51.68,45.24
2008-04-15,68.15,53.74,50.53,44.6
2008-04-16,66.36,48.47,46.09,42.47
2008-04-17,65.09,48.6,44.55,41.52
2008-04-18,62.09,50.79,44.27,41.86
2008-04-21,63.43,52.36,46.73,41.39
2008-04-22,62.84,52.87,46.93,41.2
2008-04-23,59.74,49.48,44.59,40.65
2008-04-24,62.75,51.24,46.6,40.51
2008-04-25,65.99,51.04,45.96,39.65
2008-04-28,66.48,51.78,46.88,39.68
2008-04-29,65.42,52.6,46.68,40.57
2008-04-30,64.69,53.11,47.39,41.74
2008-05-01,63.06,49.54,44.36,38.61
2008-05-02,63.68,50.87,44.86,37.33
2008-05-05,70.1,56.14,48.23,40.63
2008-05-06,69.04,55.16,48.04,38.5
2008-05-07,72.82,59.08,50.44,41.88
2008-05-08,73.45,58.76,50.18,42.47
2008-05-09,73.79,58.64,50.39,42.77
2008-05-12,72.0,54.81,47.42,40.31
2008-05-13,68.62,54.17,46.56,40.43
2008-05-14,71.18,55.5,47.66,40.38
2008-05-15,71.16,54.94,45.66,39.36
2008-05-16,75.77,55.18,45.52,40.06
2008-05-19,76.63,56.8,48.42,40.82
2008-05-20,79.8,56.33,46.94,41.96
2008-05-21,80.12,59.11,48.71,43.9
2008-05-22,83.62,59.33,48.51,
2008-05-23,79.63,61.9,50.68,
2008-05-27,79.35,61.78,50.45,
2008-05-28,77.7,61.26,49.49,
2008-05-29,74.2,58.34,49.09,
2008-05-30,73.46,58.02,47.31,
2008-06-02,78.6,61.51,50.67,
2008-06-03,79.72,63.16,51.03,
2008-06-04,81.04,64.73,53.01,
2008-06-05,79.35,62.7,50.61,
2008-06-06,88.78,70.18,56.55,
2008-06-09,92.23,73.46,58.04,
2008-06-10,91.98,72.81,58.8,
2008-06-11,93.87,73.04,59.54,
2008-06-12,92.41,71.65,59.15,
2008-06-13,86.91,66.39,55.62,
2008-06-16,84.17,65.9,54.91,
2008-06-17,80.89,65.5,55.19,
2008-06-18,81.56,67.17,56.79,
2008-06-19,77.91,66.11,56.26,
2008-06-20,78.35,67.82,57.86,
2008-06-23,78.37,67.13,56.36,
2008-06-24,77.41,66.77,56.19,
2008-06-25,76.01,63.83,55.12,
2008-06-26,79.87,68.13,58.74,
2008-06-27,79.54,66.23,58.12,
2008-06-30,79.66,68.13,59.35,
2008-07-01,79.44,67.56,59.27,
2008-07-02,79.19,68.94,61.14,
2008-07-03,76.44,66.53,59.24,
2008-07-07,75.43,66.77,60.37,
2008-07-08,76.03,66.63,60.69,
2008-07-09,81.69,69.27,62.5,
2008-07-10,79.94,69.72,63.62,
2008-07-11,77.18,70.5,63.78,
2008-07-14,78.83,69.71,62.99,
2008-07-15,73.07,67.16,61.71,
2008-07-16,73.22,62.47,57.43,
2008-07-17,72.46,62.74,56.85,
2008-07-18,70.29,60.44,56.35,
2008-07-21,71.6,60.17,55.44,
2008-07-22,68.39,57.18,53.38,
2008-07-23,67.25,57.83,53.45,
2008-07-24,74.9,61.94,55.92,
2008-07-25,73.7,61.6,55.16,
2008-07-28,74.9,63.01,55.64,
2008-07-29,71.03,59.72,53.2,
2008-07-30,67.21,58.57,51.6,
2008-07-31,72.95,62.85,53.96,
2008-08-01,72.73,61.38,53.97,
2008-08-04,73.17,63.5,54.8,
2008-08-05,70.28,61.51,52.15,
2008-08-06,71.6,60.96,51.86,
2008-08-07,73.11,62.89,53.17,
2008-08-08,73.05,62.99,53.66,
2008-08-11,75.59,61.5,52.47,
2008-08-12,72.4,62.29,53.79,
2008-08-13,79.41,62.4,53.97,
2008-08-14,74.37,59.36,52.03,
2008-08-15,74.1,58.38,52.97,
2008-08-18,72.85,60.51,53.38,
2008-08-19,77.5,60.48,54.39,
2008-08-20,73.42,58.68,51.52,
2008-08-21,73.75,59.0,52.23,
2008-08-22,73.56,56.35,50.28,
2008-08-25,77.03,60.93,54.06,
2008-08-26,73.14,59.36,52.48,
2008-08-27,72.0,58.24,52.43,
2008-08-28,68.05,57.58,52.32,
2008-08-29,68.07,59.79,53.81,
2008-09-02,69.65,61.06,55.29,
2008-09-03,69.93,60.5,54.3,
2008-09-04,72.38,62.91,57.26,
2008-09-05,70.39,60.78,55.81,
2008-09-08,67.94,59.64,54.19,
2008-09-09,70.68,62.74,56.34,
2008-09-10,70.63,60.3,55.71,
2008-09-11,71.03,60.52,55.97,
2008-09-12,70.26,61.72,56.29,
2008-09-15,79.37,65.94,58.36,
2008-09-16,74.38,64.54,58.77,
2008-09-17,93.04,76.44,65.3,
2008-09-18,89.33,82.04,66.23,
2008-09-19,79.37,75.45,62.9,
2008-09-22,83.92,75.29,63.11,
2008-09-23,84.77,77.67,65.39,
2008-09-24,86.66,79.16,66.02,
2008-09-25,82.96,77.45,64.68,
2008-09-26,87.81,78.99,65.05,
2008-09-29,99.86,87.93,72.08,
2008-09-30,92.23,80.33,68.0,
2008-10-01,89.76,80.51,67.96,
2008-10-02,95.29,83.47,69.72,
2008-10-03,94.68,82.47,69.73,
2008-10-06,104.82,86.97,70.84,
2008-10-07,106.47,85.04,69.66,
2008-10-08,104.99,87.88,72.34,
2008-10-09,108.05,87.57,74.99,
2008-10-10,116.0,97.15,78.09,
2008-10-14,105.64,93.55,74.65,
2008-10-15,114.93,98.11,75.32,
2008-10-16,119.48,106.9,86.26,
2008-10-17,117.45,102.68,79.91,
2008-10-20,115.98,102.09,84.39,
2008-10-21,114.28,102.34,83.09,
2008-10-22,123.31,109.98,91.85,
2008-10-23,121.61,107.08,89.76,
2008-10-24,128.09,113.23,87.54,
2008-10-27,134.87,116.59,91.45,
2008-10-28,127.46,112.73,92.19,
2008-10-29,124.73,110.56,91.32,
2008-10-30,121.52,108.36,90.7,
2008-10-31,116.94,104.29,88.06,
2008-11-03,116.19,102.13,86.78,
2008-11-04,116.29,100.81,85.83,
2008-11-05,117.03,102.15,86.22,
2008-11-06,125.0,106.08,89.99,
2008-11-07,116.37,103.05,87.92,
2008-11-10,116.53,101.75,86.95,
2008-11-11,114.11,100.4,85.9,
2008-11-12,123.26,101.38,86.9,
2008-11-13,117.12,99.21,85.4,
2008-11-14,118.34,96.82,82.33,
2008-11-17,115.1,95.85,82.39,
2008-11-18,106.9,93.13,80.81,
2008-11-19,102.48,88.8,80.27,
2008-11-20,106.71,89.87,79.36,
2008-11-21,99.48,86.59,76.72,
2008-11-24,92.31,81.75,75.32,
2008-11-25,90.28,80.82,74.42,
2008-11-26,89.32,77.87,72.39,
2008-11-28,88.41,77.95,72.76,
2008-12-01,90.49,78.6,71.65,
2008-12-02,87.08,77.63,70.69,
2008-12-03,84.72,76.91,70.28,
2008-12-04,83.94,76.02,69.76,
2008-12-05,82.9,76.45,70.74,
2008-12-08,82.1,75.62,70.06,
2008-12-09,80.75,74.46,68.9,
2008-12-10,86.46,73.03,68.46,
2008-12-11,88.68,73.2,61.39,
2008-12-12,86.27,72.29,68.63,
2008-12-15,82.03,71.21,67.99,
2008-12-16,79.99,71.02,68.46,
2008-12-17,75.17,68.73,66.84,
2008-12-18,81.26,70.15,67.19,
2008-12-19,87.69,69.44,66.41,
2008-12-22,87.04,71.97,66.76,
2008-12-23,86.39,71.26,66.54,
2008-12-24,85.1,70.28,66.34,
2008-12-26,83.74,70.71,66.74,
2008-12-29,83.96,71.85,66.11,
2008-12-30,80.89,69.89,65.61,
2008-12-31,85.6,70.63,65.24,
2009-01-02,84.41,71.13,65.34,
2009-01-05,90.89,76.92,68.82,
2009-01-06,90.33,77.33,69.96,
2009-01-07,93.99,82.08,74.03,
2009-01-08,93.14,83.62,75.49,
2009-01-09,91.52,81.04,74.02,
2009-01-12,93.26,81.97,74.7,
2009-01-13,92.5,77.9,87.9,
2009-01-14,99.88,88.83,82.79,
2009-01-15,96.44,87.25,80.62,
2009-01-16,98.79,86.54,79.28,
2009-01-20,104.02,90.16,81.92,
2009-01-21,100.81,86.15,80.44,
2009-01-22,98.87,86.05,79.7,
2009-01-23,95.7,84.64,78.73,
2009-01-26,96.17,84.04,80.02,
2009-01-27,95.48,83.15,78.51,
2009-01-28,98.22,84.25,79.07,
2009-01-29,98.98,86.92,81.41,
2009-01-30,98.72,89.16,82.38,
2009-02-02,96.48,87.19,80.79,
2009-02-03,92.25,84.48,78.99,
2009-02-04,91.57,85.27,79.52,
2009-02-05,92.26,84.24,78.28,
2009-02-06,94.01,84.3,78.22,
2009-02-09,94.38,85.27,78.46,
2009-02-10,95.98,86.5,79.54,
2009-02-11,94.67,84.97,78.4,
2009-02-12,91.04,84.16,77.85,
2009-02-13,91.93,82.02,76.7,
2009-02-17,95.07,85.9,79.46,
2009-02-18,89.11,84.46,77.55,
2009-02-19,88.27,82.91,76.87,
2009-02-20,90.66,84.55,77.74,
2009-02-23,93.02,83.72,77.16,
2009-02-24,89.13,77.95,71.51,
2009-02-25,88.93,77.57,70.05,
2009-02-26,89.37,77.67,71.06,
2009-02-27,91.08,77.55,70.98,
2009-03-02,93.86,83.9,74.87,
2009-03-03,90.75,80.88,72.45,
2009-03-04,85.6,77.31,69.77,
2009-03-05,89.88,81.51,72.7,
2009-03-06,88.26,81.59,72.93,
2009-03-09,90.09,80.68,71.79,
2009-03-10,85.36,77.12,69.02,
2009-03-11,85.35,74.48,67.67,
2009-03-12,81.81,71.86,65.6,
2009-03-13,78.13,70.06,64.85,
2009-03-16,80.07,72.23,65.61,
2009-03-17,75.21,67.89,62.97,
2009-03-18,74.8,64.51,60.51,
2009-03-19,73.56,65.04,61.2,
2009-03-20,73.11,65.36,62.24,
2009-03-23,71.39,58.9,57.92,
2009-03-24,70.16,56.85,55.76,
2009-03-25,71.76,62.22,57.89,
2009-03-26,70.97,57.05,53.64,
2009-03-27,71.68,57.23,53.51,
2009-03-30,74.68,64.29,57.21,
2009-03-31,72.71,59.42,54.19,
2009-04-01,70.39,57.7,52.57,
2009-04-02,69.61,58.15,52.54,
2009-04-03,67.86,56.79,51.81,
2009-04-06,68.26,57.47,52.45,
2009-04-07,66.39,55.32,51.4,
2009-04-08,68.72,52.36,49.52,
2009-04-09,65.22,50.67,47.68,
2009-04-13,67.51,51.26,48.99,
2009-04-14,65.79,51.71,48.31,
2009-04-15,64.95,50.54,48.16,
2009-04-16,69.72,56.94,49.87,
2009-04-17,68.92,55.26,50.0,
2009-04-20,75.48,61.69,55.31,47.14
2009-04-21,75.48,61.31,55.03,47.65
2009-04-22,75.52,60.63,54.89,47.84
2009-04-23,72.81,62.98,56.99,
2009-04-24,72.04,62.92,56.74,
2009-04-27,74.16,64.87,57.65,
2009-04-28,74.22,64.96,57.5,
2009-04-29,72.12,63.74,56.37,
2009-04-30,71.42,63.51,56.41,
2009-05-01,69.82,62.39,55.88,
2009-05-04,70.36,62.58,55.63,
2009-05-05,70.77,62.96,55.98,
2009-05-06,71.15,63.57,55.74,
2009-05-07,72.79,65.71,57.06,
2009-05-08,74.66,66.07,56.78,
2009-05-11,76.86,67.51,58.75,
2009-05-12,77.53,67.72,59.52,
2009-05-13,81.87,69.22,60.34,
2009-05-14,79.38,66.77,58.4,
2009-05-15,80.29,68.83,60.83,
2009-05-18,76.41,67.3,59.98,
2009-05-19,74.4,64.87,58.38,
2009-05-20,77.45,66.9,59.22,
2009-05-21,84.69,71.46,62.86,
2009-05-22,87.28,73.02,64.29,
2009-05-26,91.23,76.35,66.64,
2009-05-27,90.86,79.9,70.35,
2009-05-28,88.19,79.11,69.21,
2009-05-29,83.91,76.95,68.04,
2009-06-01,84.23,75.49,66.9,
2009-06-02,83.82,74.42,66.11,
2009-06-03,84.89,75.68,67.13,
2009-06-04,81.26,72.4,65.67,
2009-06-05,82.11,71.54,64.69,
2009-06-08,82.69,72.29,64.34,
2009-06-09,81.64,71.94,63.54,
2009-06-10,86.92,72.71,64.6,
2009-06-11,85.22,70.59,62.85,
2009-06-12,85.43,70.45,63.37,
2009-06-15,85.05,73.43,64.16,
2009-06-16,88.49,76.22,66.49,
2009-06-17,86.49,76.09,65.39,
2009-06-18,83.87,73.29,63.71,
2009-06-19,84.15,70.35,63.0,
2009-06-22,86.1,75.43,65.29,
2009-06-23,85.64,73.99,64.51,
2009-06-24,83.96,72.44,64.14,
2009-06-25,82.57,69.37,62.92,
2009-06-26,77.6,65.39,61.36,
2009-06-29,79.69,66.18,62.66,
2009-06-30,79.6,67.64,63.29,
2009-07-01,79.68,67.25,62.65,
2009-07-02,81.32,69.85,65.33,
2009-07-06,83.2,73.39,67.43,
2009-07-07,85.63,73.58,68.34,
2009-07-08,86.17,76.73,70.46,
2009-07-09,82.88,71.9,67.46,
2009-07-10,81.42,69.66,65.94,
2009-07-13,80.58,65.49,62.49,
2009-07-14,81.52,64.33,61.15,
2009-07-15,85.64,64.86,62.01,
2009-07-16,83.64,63.22,60.45,
2009-07-17,82.49,63.51,59.38,
2009-07-20,80.98,63.61,59.67,
2009-07-21,80.45,62.7,59.29,
2009-07-22,75.3,61.12,57.5,
2009-07-23,72.8,60.9,57.12,
2009-07-24,73.01,59.71,56.2,
2009-07-27,74.35,61.85,58.06,
2009-07-28,76.68,64.14,58.76,
2009-07-29,77.1,64.03,58.94,
2009-07-30,73.88,61.28,57.69,
2009-07-31,73.47,60.97,57.24,
2009-08-03,72.79,61.54,57.67,
2009-08-04,71.05,60.09,57.21,
2009-08-05,70.13,59.17,56.65,
2009-08-06,73.17,60.56,57.52,
2009-08-07,71.53,59.26,55.7,
2009-08-10,72.59,60.29,57.08,
2009-08-11,75.6,61.61,58.27,
2009-08-12,81.28,61.74,57.42,
2009-08-13,79.96,61.65,57.71,
2009-08-14,80.45,61.13,58.69,
2009-08-17,84.22,65.13,60.89,
2009-08-18,81.11,62.81,59.5,
2009-08-19,76.32,61.6,59.64,
2009-08-20,76.7,61.07,58.66,
2009-08-21,76.55,62.42,58.22,
2009-08-24,78.47,63.32,58.52,
2009-08-25,77.76,63.67,58.66,
2009-08-26,77.97,63.55,58.45,
2009-08-27,75.59,60.92,58.62,
2009-08-28,74.41,62.43,58.76,
2009-08-31,77.12,63.68,60.27,
2009-09-01,81.0,67.02,63.29,
2009-09-02,77.07,65.56,62.55,
2009-09-03,75.48,63.93,61.7,
2009-09-04,77.51,64.25,60.09,
2009-09-08,75.69,64.83,60.91,
2009-09-09,76.17,61.74,59.11,
2009-09-10,71.39,59.71,56.42,
2009-09-11,72.36,59.37,56.76,
2009-09-14,71.14,59.01,56.91,
2009-09-15,72.25,57.06,55.2,
2009-09-16,71.7,57.78,55.04,
2009-09-17,69.36,55.88,52.69,
2009-09-18,70.39,56.64,53.25,
2009-09-21,71.0,56.14,53.01,
2009-09-22,68.26,52.65,50.63,
2009-09-23,68.18,51.8,48.3,
2009-09-24,70.78,54.9,50.7,
2009-09-25,71.74,55.4,50.73,
2009-09-28,70.54,54.87,50.73,
2009-09-29,68.99,54.25,50.77,
2009-09-30,71.32,55.99,52.02,
2009-10-01,76.25,61.23,55.28,
2009-10-02,76.13,62.86,55.95,
2009-10-05,73.56,59.58,53.96,
2009-10-06,71.5,56.99,52.25,
2009-10-07,71.01,56.19,51.72,
2009-10-08,68.1,54.49,50.12,
2009-10-09,65.54,51.63,47.0,
2009-10-12,64.97,51.27,47.32,
2009-10-13,64.97,50.66,46.87,
2009-10-14,68.84,49.94,46.82,
2009-10-15,67.07,49.87,46.03,
2009-10-16,69.85,49.17,46.85,
2009-10-19,67.76,49.76,45.51,
2009-10-20,68.63,51.22,45.75,
2009-10-21,78.16,52.69,46.22,
2009-10-22,77.6,54.0,46.74,
2009-10-23,79.88,57.94,50.18,
2009-10-26,82.28,62.61,53.99,
2009-10-27,80.41,61.93,54.17,
2009-10-28,85.43,66.69,57.69,
2009-10-29,78.1,60.38,53.92,
2009-10-30,89.9,74.71,62.69,
2009-11-02,91.98,77.11,63.82,
2009-11-03,90.16,73.28,61.27,
2009-11-04,85.97,68.99,58.67,
2009-11-05,79.1,61.95,54.74,
2009-11-06,73.72,57.96,52.48,
2009-11-09,68.83,52.8,50.04,
2009-11-10,68.49,53.36,48.53,
2009-11-11,73.05,55.33,51.08,
2009-11-12,80.77,63.09,55.66,
2009-11-13,80.28,62.24,55.39,
2009-11-16,83.31,64.3,55.14,
2009-11-17,83.97,63.13,53.69,
2009-11-18,79.15,61.11,53.86,
2009-11-19,79.27,62.18,54.55,
2009-11-20,75.56,59.93,53.26,
2009-11-23,75.84,58.51,52.55,
2009-11-24,75.05,57.66,52.89,
2009-11-25,73.91,58.06,52.9,
2009-11-27,83.24,66.02,57.37,
2009-11-30,81.58,66.34,57.89,
2009-12-01,80.74,63.32,55.59,
2009-12-02,78.26,62.63,55.1,
2009-12-03,78.52,62.51,56.16,
2009-12-04,77.18,63.91,57.37,
2009-12-07,77.75,64.49,56.75,
2009-12-08,79.57,66.06,58.17,
2009-12-09,84.93,65.55,57.91,
2009-12-10,84.56,64.02,56.56,
2009-12-11,82.87,61.89,56.16,
2009-12-14,81.64,63.69,54.83,
2009-12-15,80.99,62.27,54.88,
2009-12-16,82.05,61.08,54.3,
2009-12-17,83.56,62.17,56.21,
2009-12-18,81.75,61.21,54.9,
2009-12-21,79.62,56.8,51.72,
2009-12-22,71.45,54.87,52.39,
2009-12-23,69.81,55.56,51.51,
2009-12-24,68.81,54.01,51.59,
2009-12-28,69.89,55.99,53.84,
2009-12-29,69.1,55.02,51.25,
2009-12-30,70.36,56.4,52.4,
2009-12-31,74.99,57.76,53.79,
2010-01-04,73.3,58.45,54.06,
2010-01-05,70.36,54.63,51.77,
2010-01-06,67.65,53.43,51.09,
2010-01-07,67.15,51.27,50.14,
2010-01-08,65.71,52.59,50.51,
2010-01-11,64.87,51.74,49.13,
2010-01-12,70.42,54.76,52.94,
2010-01-13,75.53,54.69,51.43,
2010-01-14,74.52,54.21,51.15,
2010-01-15,74.27,54.92,54.07,
2010-01-19,73.5,55.06,51.61,
2010-01-20,80.36,58.97,53.64,
2010-01-21,88.82,66.75,59.57,
2010-01-22,100.06,80.06,68.22,
2010-01-25,90.58,74.52,64.39,
2010-01-26,90.04,70.87,61.97,
2010-01-27,85.86,70.13,62.0,
2010-01-28,87.91,71.25,62.12,
2010-01-29,89.0,76.09,65.39,
2010-02-01,83.73,69.58,61.41,
2010-02-02,80.98,64.39,58.3,
2010-02-03,80.55,66.09,59.37,
2010-02-04,91.42,76.49,66.28,
2010-02-05,88.22,75.98,65.72,
2010-02-08,90.01,75.49,66.4,
2010-02-09,88.8,73.27,65.13,
2010-02-10,92.18,72.24,64.02,
2010-02-11,89.59,70.79,62.5,
2010-02-12,88.16,68.92,61.91,
2010-02-16,81.77,64.11,58.17,
2010-02-17,80.29,63.45,57.92,
2010-02-18,79.2,60.0,55.77,
2010-02-19,77.97,61.47,55.29,
2010-02-22,75.44,61.0,55.3,
2010-02-23,77.82,65.37,58.22,
2010-02-24,75.93,62.85,55.84,
2010-02-25,75.3,61.57,54.51,
2010-02-26,73.13,55.92,53.16,
2010-03-01,73.24,56.59,53.65,
2010-03-02,73.43,55.77,53.39,
2010-03-03,72.61,55.09,53.03,
2010-03-04,70.51,54.68,51.75,
2010-03-05,71.06,52.84,50.3,
2010-03-08,70.9,54.75,50.75,
2010-03-09,71.49,55.48,52.33,
2010-03-10,76.2,55.51,52.07,
2010-03-11,76.16,55.72,52.06,
2010-03-12,73.74,55.48,51.72,
2010-03-15,75.22,55.34,52.15,
2010-03-16,76.41,55.35,51.73,
2010-03-17,73.16,55.75,50.55,
2010-03-18,76.46,54.7,50.92,
2010-03-19,76.68,56.37,52.55,
2010-03-22,77.75,54.66,51.59,
2010-03-23,78.31,54.67,52.08,
2010-03-24,80.68,58.59,53.92,
2010-03-25,83.82,61.04,54.86,
2010-03-26,81.56,62.46,56.05,
2010-03-29,78.75,61.54,54.19,
2010-03-30,76.91,59.53,53.34,
2010-03-31,77.49,60.78,54.0,
2010-04-01,78.29,61.83,54.13,
2010-04-05,76.97,59.68,52.45,
2010-04-06,76.82,57.88,50.74,
2010-04-07,78.16,61.01,52.63,
2010-04-08,77.06,57.55,51.45,
2010-04-09,78.24,57.69,50.97,
2010-04-12,80.06,57.3,49.18,
2010-04-13,79.97,58.03,50.35,
2010-04-14,83.31,57.93,51.95,
2010-04-15,83.1,60.82,54.75,
2010-04-16,86.29,67.62,60.04,
2010-04-19,81.72,62.65,56.67,
2010-04-20,79.65,55.7,53.71,
2010-04-21,83.89,58.87,54.77,
2010-04-22,85.76,58.56,54.06,
2010-04-23,88.14,58.96,55.19,
2010-04-26,87.53,62.37,57.04,
2010-04-27,103.23,76.1,65.42,
2010-04-28,101.7,78.82,66.74,
2010-04-29,92.44,70.74,62.37,
2010-04-30,101.41,79.73,68.24,
2010-05-03,95.68,74.16,63.62,
2010-05-04,101.88,89.13,74.53,
2010-05-05,105.59,89.49,75.11,
2010-05-06,125.36,117.51,93.99,
2010-05-07,135.38,121.96,99.56,
2010-05-10,110.96,98.59,84.89,
2010-05-11,113.95,96.1,83.07,
2010-05-12,116.53,89.6,77.21,
2010-05-13,123.17,94.22,79.31,
2010-05-14,128.34,111.04,90.55,
2010-05-17,120.97,100.58,85.71,
2010-05-18,135.82,102.72,88.04,
2010-05-19,128.44,102.47,89.37,
2010-05-20,145.12,115.62,98.06,
2010-05-21,130.67,110.66,97.11,
2010-05-24,123.87,99.16,90.48,
2010-05-25,119.36,95.98,87.42,
2010-05-26,115.68,90.96,83.07,
2010-05-27,107.64,83.16,75.42,
2010-05-28,110.13,84.35,74.95,
2010-06-01,109.92,89.3,77.74,
2010-06-02,98.02,80.54,71.91,
2010-06-03,95.61,77.64,69.79,
2010-06-04,103.31,90.26,77.81,
2010-06-07,102.76,90.19,78.12,
2010-06-08,101.79,88.56,75.9,
2010-06-09,111.77,86.09,74.37,
2010-06-10,108.61,82.14,71.85,
2010-06-11,103.69,81.39,71.41,
2010-06-14,99.92,78.46,69.42,
2010-06-15,99.0,76.18,67.49,
2010-06-16,93.67,76.51,68.57,
2010-06-17,89.65,75.18,68.44,
2010-06-18,92.36,70.14,64.8,
2010-06-21,96.01,73.17,66.97,
2010-06-22,101.65,79.1,69.89,
2010-06-23,98.93,81.07,71.15,
2010-06-24,103.69,87.9,74.97,
2010-06-25,97.51,84.23,73.91,
2010-06-28,99.01,84.55,73.88,
2010-06-29,104.0,93.53,80.29,
2010-06-30,105.16,91.16,78.29,
2010-07-01,100.69,88.04,76.7,
2010-07-02,97.19,82.69,72.56,
2010-07-06,97.58,83.33,73.0,
2010-07-07,92.14,77.5,68.39,
2010-07-08,89.85,75.19,67.46,
2010-07-09,88.58,74.13,66.38,
2010-07-12,91.75,74.45,67.06,
2010-07-13,90.8,73.72,66.13,
2010-07-14,96.13,74.41,67.32,
2010-07-15,97.75,75.18,67.55,
2010-07-16,101.57,77.86,67.98,
2010-07-19,102.58,75.93,66.28,
2010-07-20,98.89,73.75,63.88,
2010-07-21,97.02,75.76,64.4,
2010-07-22,93.2,72.52,63.65,
2010-07-23,89.9,69.47,62.34,
2010-07-26,88.55,68.24,61.07,
2010-07-27,90.14,69.0,61.22,
2010-07-28,90.71,71.88,62.04,
2010-07-29,90.62,70.7,60.64,
2010-07-30,89.55,70.99,60.81,
2010-08-02,85.02,66.7,58.21,
2010-08-03,85.04,67.19,59.24,
2010-08-04,85.05,66.05,58.67,
2010-08-05,86.52,66.93,59.22,
2010-08-06,87.44,68.03,59.63,
2010-08-09,87.86,67.14,59.14,
2010-08-10,90.35,67.64,59.24,
2010-08-11,102.65,73.6,63.4,
2010-08-12,99.75,72.98,63.15,
2010-08-13,99.54,72.42,63.68,
2010-08-16,98.73,72.38,61.98,
2010-08-17,93.25,68.58,59.66,
2010-08-18,91.3,68.36,59.11,
2010-08-19,91.96,70.57,61.43,
2010-08-20,89.34,69.51,60.34,
2010-08-23,87.66,67.87,60.75,
2010-08-24,85.7,68.77,60.68,
2010-08-25,82.64,67.26,58.51,
2010-08-26,82.95,67.18,58.8,
2010-08-27,79.0,62.69,55.61,
2010-08-30,82.52,65.92,57.77,
2010-08-31,81.49,65.7,57.35,
2010-09-01,78.28,63.12,56.18,
2010-09-02,79.05,63.84,56.86,
2010-09-03,76.64,61.52,55.2,
2010-09-07,78.98,63.67,56.38,
2010-09-08,89.88,64.42,55.97,
2010-09-09,87.97,61.9,54.51,
2010-09-10,87.6,60.97,53.91,
2010-09-13,87.33,60.92,52.57,
2010-09-14,87.95,61.07,51.81,
2010-09-15,88.4,61.59,54.35,
2010-09-16,87.63,61.56,53.44,
2010-09-17,85.45,61.95,54.0,
2010-09-20,81.5,60.55,53.63,
2010-09-21,80.97,62.49,54.2,
2010-09-22,81.86,64.46,54.97,
2010-09-23,83.02,66.51,57.27,
2010-09-24,80.0,64.17,55.37,
2010-09-27,82.62,65.64,57.1,
2010-09-28,83.62,67.26,57.47,
2010-09-29,83.35,66.48,58.55,
2010-09-30,86.49,70.13,61.23,
2010-10-01,84.08,66.7,58.68,
2010-10-04,86.22,69.64,60.91,
2010-10-05,82.62,64.66,58.04,
2010-10-06,81.05,64.95,57.84,
2010-10-07,80.7,64.78,58.09,
2010-10-08,81.41,63.22,56.84,
2010-10-11,84.75,63.06,56.01,
2010-10-12,84.77,63.97,56.31,
2010-10-13,88.72,65.53,58.18,
2010-10-14,87.14,68.36,59.71,
2010-10-15,89.82,64.31,57.98,
2010-10-18,91.75,64.37,57.08,
2010-10-19,91.53,70.03,60.91,
2010-10-20,85.48,64.34,58.11,
2010-10-21,83.59,62.16,55.9,
2010-10-22,81.97,61.81,57.59,
2010-10-25,82.02,64.42,60.51,
2010-10-26,82.79,67.46,61.72,
2010-10-27,80.42,69.28,62.13,
2010-10-28,78.47,65.91,61.26,
2010-10-29,77.46,65.91,60.95,
2010-11-01,79.72,69.2,62.58,
2010-11-02,80.18,69.09,61.63,
2010-11-03,76.57,66.98,58.98,
2010-11-04,70.78,62.45,57.05,
2010-11-05,74.02,62.25,56.9,
2010-11-08,73.67,61.67,56.23,
2010-11-09,76.49,64.34,57.58,
2010-11-10,83.07,64.28,57.85,
2010-11-11,,63.88,57.07,
2010-11-12,88.18,69.2,60.47,
2010-11-15,88.13,66.99,58.93,
2010-11-16,93.65,75.03,63.71,
2010-11-17,89.25,72.21,61.77,
2010-11-18,83.92,66.01,56.16,
2010-11-19,84.73,66.99,56.51,
2010-11-22,78.39,66.16,56.02,
2010-11-23,87.44,69.19,58.46,
2010-11-24,81.55,66.34,56.4,
2010-11-26,90.55,72.53,61.62,
2010-11-29,89.01,69.88,59.55,
2010-11-30,95.73,74.22,62.66,
2010-12-01,92.03,71.05,61.13,
2010-12-02,87.74,70.8,59.4,
2010-12-03,84.28,66.02,58.01,
2010-12-06,82.6,63.83,57.52,
2010-12-07,82.66,63.96,57.64,
2010-12-08,81.8,63.44,57.35,
2010-12-09,79.8,62.72,56.84,
2010-12-10,79.36,61.69,57.98,
2010-12-13,81.67,62.43,58.58,
2010-12-14,81.67,63.11,60.24,
2010-12-15,83.42,62.86,60.14,
2010-12-16,81.32,61.93,58.02,
2010-12-17,86.62,59.72,56.7,
2010-12-20,84.09,61.05,58.31,
2010-12-21,84.38,62.37,59.11,
2010-12-22,86.03,61.13,58.1,
2010-12-23,86.74,66.26,61.06,
2010-12-27,87.44,66.33,61.79,
2010-12-28,86.34,66.03,61.24,
2010-12-29,85.71,64.06,59.54,
2010-12-30,86.52,65.25,60.29,
2010-12-31,86.36,65.58,60.96,
2011-01-03,84.8,65.23,60.69,
2011-01-04,85.25,64.32,59.83,
2011-01-05,84.7,62.52,57.22,
2011-01-06,84.6,65.77,59.02,
2011-01-07,83.73,64.13,58.02,
2011-01-10,81.65,64.99,58.79,
2011-01-11,79.82,62.74,57.0,
2011-01-12,77.94,59.73,54.16,
2011-01-13,78.64,59.84,54.47,
2011-01-14,75.94,55.58,51.47,
2011-01-18,79.77,57.98,52.46,
2011-01-19,83.7,64.4,57.81,
2011-01-20,82.69,65.69,59.25,
2011-01-21,85.41,64.61,59.02,
2011-01-24,82.97,64.4,58.02,
2011-01-25,82.67,65.92,59.15,
2011-01-26,79.43,60.48,55.52,
2011-01-27,77.04,57.69,54.24,
2011-01-28,91.52,74.11,64.94,
2011-01-31,86.08,71.47,64.16,
2011-02-01,84.48,65.08,58.98,
2011-02-02,83.16,63.35,57.94,
2011-02-03,81.75,60.05,55.08,
2011-02-04,81.11,57.11,53.24,
2011-02-07,80.54,60.09,55.6,
2011-02-08,78.93,56.42,53.27,
2011-02-09,82.11,58.43,54.03,
2011-02-10,83.73,57.45,53.25,
2011-02-11,84.5,52.6,49.86,
2011-02-14,82.67,53.13,50.43,
2011-02-15,84.38,57.08,52.68,
2011-02-16,83.05,55.73,52.69,
2011-02-17,83.03,56.63,53.1,
2011-02-18,85.47,58.9,54.3,
2011-02-22,99.18,81.47,68.55,
2011-02-23,99.04,80.82,69.61,
2011-02-24,94.07,77.11,67.33,
2011-02-25,86.17,68.84,61.44,
2011-02-28,81.78,64.89,58.88,
2011-03-01,89.28,73.58,64.13,
2011-03-02,87.55,74.72,65.38,
2011-03-03,82.36,65.96,59.56,
2011-03-04,81.48,70.65,62.96,
2011-03-07,84.32,73.35,65.14,
2011-03-08,80.84,69.45,61.98,
2011-03-09,84.89,68.17,61.54,
2011-03-10,88.16,74.91,66.3,
2011-03-11,83.21,66.67,60.71,
2011-03-14,83.89,71.92,64.18,
2011-03-15,89.68,76.26,68.23,
2011-03-16,112.39,99.46,81.2,
2011-03-17,101.45,91.88,79.62,
2011-03-18,96.28,86.19,75.74,
2011-03-21,89.17,73.4,65.29,55.36
2011-03-22,87.39,71.01,63.98,54.56
2011-03-23,84.77,65.04,59.38,52.1
2011-03-24,84.17,62.0,56.18,
2011-03-25,84.53,62.02,56.23,
2011-03-28,89.94,66.22,59.28,
2011-03-29,84.96,65.03,58.84,
2011-03-30,82.75,62.32,55.88,
2011-03-31,82.51,60.55,55.41,
2011-04-01,81.98,61.45,55.76,
2011-04-04,81.84,61.83,56.52,
2011-04-05,81.44,58.25,53.65,
2011-04-06,83.22,56.21,51.86,
2011-04-07,82.39,58.59,54.26,
2011-04-08,83.43,63.11,58.03,
2011-04-11,84.16,56.31,52.73,
2011-04-12,85.36,61.0,56.8,
2011-04-13,86.04,56.06,52.93,
2011-04-14,86.07,53.06,50.88,
2011-04-15,85.72,52.65,47.78,
2011-04-18,89.11,59.05,53.2,
2011-04-19,85.73,53.23,48.02,
2011-04-20,86.21,49.6,48.68,
2011-04-21,87.71,53.36,49.37,
2011-04-25,87.68,58.78,53.83,
2011-04-26,85.72,58.84,53.56,
2011-04-27,83.21,57.84,53.88,
2011-04-28,82.89,52.16,49.72,
2011-04-29,83.98,57.67,52.9,
2011-05-02,88.5,64.7,58.21,
2011-05-03,90.62,68.08,61.21,
2011-05-04,91.39,68.0,61.52,
2011-05-05,95.08,78.5,69.36,
2011-05-06,94.43,77.93,68.86,
2011-05-09,90.86,70.37,63.46,
2011-05-10,87.56,63.96,58.49,
2011-05-11,96.25,70.42,63.27,
2011-05-12,93.57,65.98,59.36,
2011-05-13,93.86,68.72,61.9,
2011-05-16,94.44,72.04,64.27,
2011-05-17,93.64,71.6,64.5,
2011-05-18,90.7,63.42,57.89,
2011-05-19,87.53,59.9,54.88,
2011-05-20,90.23,66.87,61.14,
2011-05-23,92.08,71.35,64.41,
2011-05-24,88.47,69.72,62.86,
2011-05-25,85.29,65.22,59.96,
2011-05-26,81.48,60.26,55.87,
2011-05-27,81.46,60.04,55.92,
2011-05-31,80.92,59.64,54.85,
2011-06-01,87.59,68.96,62.27,
2011-06-02,85.22,68.93,61.23,
2011-06-03,85.54,70.22,61.77,
2011-06-06,88.15,73.06,63.39,
2011-06-07,83.72,67.7,59.98,
2011-06-08,88.98,69.24,61.67,
2011-06-09,85.65,64.42,57.35,
2011-06-10,93.34,69.0,60.69,
2011-06-13,98.35,74.13,63.88,
2011-06-14,91.74,69.96,60.68,
2011-06-15,105.07,85.55,71.65,
2011-06-16,100.39,89.38,77.32,
2011-06-17,95.31,85.1,74.01,
2011-06-20,90.25,79.93,69.31,52.47
2011-06-21,90.55,71.4,63.49,48.79
2011-06-22,91.71,69.66,60.92,48.83
2011-06-23,93.09,78.48,67.52,
2011-06-24,99.14,84.29,71.89,
2011-06-27,94.29,81.77,69.34,
2011-06-28,90.33,77.36,65.93,
2011-06-29,85.9,67.02,59.55,
2011-06-30,81.08,62.1,55.83,
2011-07-01,78.64,57.0,51.56,
2011-07-05,81.34,60.55,53.19,
2011-07-06,82.69,62.33,54.41,
2011-07-07,80.7,59.52,52.28,
2011-07-08,80.82,61.5,53.89,
2011-07-11,90.87,75.12,63.85,
2011-07-12,88.39,75.14,65.08,
2011-07-13,88.92,77.57,66.84,
2011-07-14,95.72,83.78,71.17,
2011-07-15,89.33,77.65,66.94,
2011-07-18,97.81,81.49,69.68,
2011-07-19,91.01,73.86,63.78,
2011-07-20,86.06,72.96,63.04,
2011-07-21,81.68,65.66,57.96,
2011-07-22,82.45,62.96,56.42,
2011-07-25,90.2,73.71,62.62,
2011-07-26,93.35,75.75,64.27,
2011-07-27,102.01,88.55,73.05,
2011-07-28,105.62,91.61,75.94,
2011-07-29,106.57,98.05,81.2,
2011-08-01,95.89,90.15,75.86,
2011-08-02,102.01,90.97,76.58,
2011-08-03,98.58,89.57,75.16,
2011-08-04,121.76,105.27,86.67,
2011-08-05,118.61,117.37,96.45,
2011-08-08,134.63,124.47,108.18,
2011-08-09,112.8,119.78,99.51,
2011-08-10,132.86,120.36,100.72,
2011-08-11,128.76,116.64,95.47,
2011-08-12,120.19,111.13,92.17,
2011-08-15,109.0,101.92,85.68,
2011-08-16,104.66,102.21,85.38,
2011-08-17,104.62,99.25,84.11,
2011-08-18,106.66,111.21,94.64,
2011-08-19,111.58,108.54,89.82,
2011-08-22,111.25,104.25,88.14,
2011-08-23,103.43,95.64,81.5,
2011-08-24,104.54,95.78,80.94,
2011-08-25,112.4,103.3,85.88,
2011-08-26,104.72,100.46,83.91,
2011-08-29,96.51,90.45,77.39,
2011-08-30,96.16,87.76,76.11,
2011-08-31,94.16,88.22,76.61,
2011-09-01,92.31,85.19,75.21,
2011-09-02,91.0,87.62,77.71,
2011-09-06,97.01,93.59,83.27,
2011-09-07,93.3,87.68,78.52,
2011-09-08,93.45,89.35,80.29,
2011-09-09,99.07,98.16,87.0,
2011-09-12,97.07,93.84,85.33,
2011-09-13,96.14,89.08,81.54,
2011-09-14,100.22,84.07,77.57,
2011-09-15,96.69,82.36,76.1,
2011-09-16,93.67,81.18,75.41,
2011-09-19,95.95,85.15,77.43,
2011-09-20,92.9,84.13,76.52,
2011-09-21,98.58,86.6,78.01,
2011-09-22,103.91,96.84,85.71,
2011-09-23,104.77,95.85,85.11,
2011-09-26,102.89,96.8,85.3,
2011-09-27,100.31,93.47,81.78,
2011-09-28,104.3,95.51,83.41,
2011-09-29,101.05,96.21,83.95,
2011-09-30,101.08,94.61,83.77,
2011-10-03,103.89,96.62,84.9,
2011-10-04,99.31,93.69,83.41,
2011-10-05,94.66,87.5,80.26,
2011-10-06,93.52,86.48,79.11,
2011-10-07,92.57,84.64,77.41,
2011-10-10,89.39,83.97,76.14,
2011-10-11,90.98,83.72,76.4,
2011-10-12,91.34,81.39,73.59,
2011-10-13,95.1,82.95,73.92,
2011-10-14,94.69,82.12,72.32,
2011-10-17,103.55,87.93,77.33,
2011-10-18,100.21,85.95,75.71,
2011-10-19,103.29,92.72,79.54,
2011-10-20,102.97,94.26,80.5,
2011-10-21,98.05,89.26,78.09,
2011-10-24,97.13,85.57,76.63,
2011-10-25,97.75,87.1,77.48,
2011-10-26,97.74,87.65,76.15,
2011-10-27,94.44,81.79,71.21,
2011-10-28,94.19,82.19,71.52,
2011-10-31,104.84,90.03,78.51,
2011-11-01,113.15,103.69,89.51,
2011-11-02,107.4,98.47,86.4,
2011-11-03,104.28,94.43,82.48,
2011-11-04,103.34,94.43,83.03,
2011-11-07,103.35,93.25,82.32,
2011-11-08,98.05,88.95,79.85,
2011-11-09,122.73,99.4,86.41,
2011-11-10,113.54,94.98,83.13,
2011-11-11,112.1,90.2,80.02,
2011-11-14,112.35,93.4,81.84,
2011-11-15,107.55,91.07,80.74,
2011-11-16,111.18,90.87,81.82,
2011-11-17,111.86,94.45,85.1,
2011-11-18,101.92,89.22,82.69,
2011-11-21,99.6,89.76,82.64,
2011-11-22,98.53,88.36,81.47,
2011-11-23,101.46,91.06,83.04,
2011-11-25,98.98,91.24,83.66,
2011-11-28,96.23,89.5,82.39,
2011-11-29,95.47,85.3,79.12,
2011-11-30,92.22,80.07,75.08,
2011-12-01,90.88,78.13,73.96,
2011-12-02,92.46,79.73,74.32,
2011-12-05,92.97,80.79,74.87,
2011-12-06,92.21,79.42,73.87,
2011-12-07,92.84,81.34,75.21,
2011-12-08,94.97,82.8,76.06,
2011-12-09,90.92,77.37,71.9,
2011-12-12,93.21,77.23,71.49,
2011-12-13,94.55,76.01,70.33,
2011-12-14,99.63,76.84,70.82,
2011-12-15,97.71,75.8,69.72,
2011-12-16,94.28,73.99,68.76,
2011-12-19,90.27,74.39,69.32,56.53
2011-12-20,88.64,70.22,65.53,55.06
2011-12-21,85.54,65.82,63.96,52.39
2011-12-22,86.18,67.04,63.27,
2011-12-23,86.54,67.41,63.06,
2011-12-27,88.13,69.55,64.75,
2011-12-28,94.08,73.7,67.54,
2011-12-29,91.8,72.71,66.99,
2011-12-30,91.7,74.19,68.01,
2012-01-03,91.39,74.56,67.31,
2012-01-04,88.89,73.77,66.75,
2012-01-05,87.69,70.88,64.91,
2012-01-06,86.95,69.0,63.55,
2012-01-09,87.8,70.78,64.76,
2012-01-10,88.82,70.1,63.77,
2012-01-11,93.17,71.54,64.58,
2012-01-12,90.51,69.78,63.24,
2012-01-13,93.55,74.4,65.31,
2012-01-17,93.66,76.94,67.5,
2012-01-18,90.09,71.26,64.17,
2012-01-19,88.73,68.01,61.92,
2012-01-20,89.24,63.76,58.72,
2012-01-23,89.59,65.96,59.41,
2012-01-24,89.01,66.3,59.43,
2012-01-25,86.01,62.79,57.32,
2012-01-26,88.92,66.92,60.49,
2012-01-27,87.44,62.34,57.32,
2012-01-30,89.86,66.83,60.1,
2012-01-31,88.51,67.48,61.14,
2012-02-01,85.78,64.0,58.46,
2012-02-02,84.1,62.29,58.08,
2012-02-03,84.04,62.46,56.98,
2012-02-06,85.38,66.5,58.98,
2012-02-07,83.79,64.69,58.05,
2012-02-08,97.01,68.34,59.96,
2012-02-09,100.76,69.87,61.25,
2012-02-10,104.15,85.49,72.31,
2012-02-13,102.45,75.83,65.44,
2012-02-14,107.82,84.23,70.81,
2012-02-15,114.65,88.51,72.99,
2012-02-16,110.41,81.01,67.32,
2012-02-17,108.56,75.05,64.09,
2012-02-21,107.71,79.46,66.61,51.76
2012-02-22,100.81,70.68,61.4,49.28
2012-02-23,94.44,63.49,58.17,
2012-02-24,99.43,67.07,59.12,
2012-02-27,101.68,69.62,61.49,
2012-02-28,99.13,69.16,61.45,
2012-02-29,101.6,69.22,60.26,
2012-03-01,97.43,67.55,59.78,
2012-03-02,96.94,67.32,60.46,
2012-03-05,98.18,70.57,61.88,
2012-03-06,105.11,82.61,70.19,
2012-03-07,100.46,77.58,66.15,
2012-03-08,97.19,68.69,60.86,
2012-03-09,97.98,68.91,59.81,
2012-03-12,98.61,61.39,55.28,
2012-03-13,98.47,65.93,56.34,
2012-03-14,106.63,67.49,58.52,
2012-03-15,108.42,66.77,57.88,
2012-03-16,105.78,66.68,60.14,
2012-03-19,106.49,67.67,55.58,
2012-03-20,109.38,74.01,59.93,
2012-03-21,104.65,79.28,69.5,
2012-03-22,102.53,79.66,70.82,
2012-03-23,98.6,78.16,67.4,
2012-03-26,96.08,77.75,65.09,
2012-03-27,101.15,78.98,70.65,
2012-03-28,102.74,82.91,73.0,
2012-03-29,101.94,82.83,72.23,
2012-03-30,100.28,81.36,71.82,
2012-04-02,100.38,79.04,70.68,
2012-04-03,98.37,80.55,72.31,
2012-04-04,99.73,79.76,71.09,
2012-04-05,99.47,80.91,73.97,
2012-04-09,104.59,86.82,77.89,
2012-04-10,109.13,94.73,82.81,
2012-04-11,111.19,91.12,80.72,
2012-04-12,104.27,84.68,75.68,
2012-04-13,110.76,87.79,77.62,
2012-04-16,110.97,90.07,78.95,
2012-04-17,107.01,85.16,75.42,
2012-04-18,106.06,84.32,74.11,
2012-04-19,103.96,84.42,74.77,
2012-04-20,101.08,79.45,72.25,
2012-04-23,104.01,84.11,74.81,
2012-04-24,99.84,80.95,72.66,
2012-04-25,93.28,74.13,67.56,
2012-04-26,89.65,68.85,64.22,
2012-04-27,88.62,68.41,64.01,
2012-04-30,89.32,73.17,68.08,
2012-05-01,87.06,67.98,63.88,
2012-05-02,86.29,70.69,65.33,
2012-05-03,88.35,71.04,65.59,
2012-05-04,91.31,76.42,69.55,
2012-05-07,90.91,75.97,69.18,
2012-05-08,91.33,77.12,69.31,
2012-05-09,102.07,81.06,72.32,
2012-05-10,98.65,78.18,70.39,
2012-05-11,100.12,77.61,69.97,
2012-05-14,105.85,84.55,74.6,
2012-05-15,109.61,87.71,77.31,
2012-05-16,109.22,88.15,77.58,
2012-05-17,112.84,90.1,79.19,
2012-05-18,117.44,92.98,80.6,
2012-05-21,108.5,87.3,76.91,59.42
2012-05-22,110.48,86.63,77.02,59.74
2012-05-23,107.48,86.96,77.51,59.49
2012-05-24,104.52,85.87,76.23,
2012-05-25,103.1,86.61,76.53,
2012-05-29,100.98,85.0,75.04,
2012-05-30,109.73,89.88,78.88,
2012-05-31,108.75,89.44,78.33,
2012-06-01,111.41,95.79,83.05,
2012-06-04,107.04,91.66,81.22,
2012-06-05,102.78,88.78,78.83,
2012-06-06,97.71,85.38,75.96,
2012-06-07,98.36,83.9,74.7,
2012-06-08,96.6,84.06,75.03,
2012-06-11,105.51,88.75,78.18,
2012-06-12,103.22,89.02,77.78,
2012-06-13,110.6,92.53,80.77,
2012-06-14,107.78,87.22,76.57,
2012-06-15,108.23,85.51,74.56,
2012-06-18,99.3,76.63,69.46,54.22
2012-06-19,98.13,71.96,66.96,54.14
2012-06-20,96.41,72.42,66.17,53.57
2012-06-21,105.47,80.0,71.5,
2012-06-22,104.13,73.76,65.77,
2012-06-25,104.46,80.7,71.52,
2012-06-26,100.66,78.52,70.66,
2012-06-27,98.11,78.0,70.15,
2012-06-28,97.21,80.12,71.25,
2012-06-29,89.59,70.18,64.79,
2012-07-02,85.61,67.18,62.94,
2012-07-03,84.59,65.58,61.21,
2012-07-05,89.43,69.51,63.97,
2012-07-06,90.1,70.63,64.59,
2012-07-09,92.85,74.56,67.24,
2012-07-10,94.91,77.43,69.06,
2012-07-11,96.25,75.02,68.2,
2012-07-12,95.22,73.34,67.33,
2012-07-13,91.1,70.16,65.53,
2012-07-16,94.21,70.96,65.66,
2012-07-17,93.49,69.88,64.47,
2012-07-18,94.03,64.84,61.76,
2012-07-19,93.73,65.11,62.55,
2012-07-20,100.61,69.43,64.39,
2012-07-23,107.32,79.28,70.65,
2012-07-24,111.65,88.49,75.96,
2012-07-25,106.53,84.8,74.13,
2012-07-26,98.59,77.78,69.56,
2012-07-27,93.08,71.25,67.15,
2012-07-30,94.74,76.46,69.63,
2012-07-31,96.11,78.7,71.27,
2012-08-01,94.23,76.8,70.17,
2012-08-02,89.63,75.42,69.46,
2012-08-03,84.5,68.4,64.99,
2012-08-06,84.47,68.08,65.25,
2012-08-07,86.87,67.9,64.64,
2012-08-08,85.18,67.32,63.61,
2012-08-09,83.91,65.74,62.71,
2012-08-10,84.83,63.01,60.47,
2012-08-13,89.58,65.29,60.2,
2012-08-14,94.33,66.41,63.45,
2012-08-15,97.95,66.95,62.24,
2012-08-16,95.65,63.06,59.99,
2012-08-17,95.02,64.46,59.35,
2012-08-20,96.64,65.81,60.7,
2012-08-21,97.41,71.89,66.17,
2012-08-22,99.14,67.57,64.65,
2012-08-23,98.4,71.31,67.03,
2012-08-24,94.99,67.34,65.61,
2012-08-27,94.89,71.21,67.74,
2012-08-28,94.43,72.06,67.05,
2012-08-29,94.71,73.42,68.46,
2012-08-30,96.33,75.5,70.4,
2012-08-31,93.3,74.92,69.99,
2012-09-04,93.71,77.21,71.13,
2012-09-05,90.15,74.95,69.88,
2012-09-06,83.65,67.97,64.4,
2012-09-07,82.24,62.92,60.46,
2012-09-10,92.77,69.2,65.47,
2012-09-11,92.39,73.9,68.56,
2012-09-12,93.94,73.77,67.17,
2012-09-13,87.81,62.15,59.53,
2012-09-14,93.04,66.82,61.92,
2012-09-17,92.95,68.09,62.04,
2012-09-18,90.13,64.73,61.7,
2012-09-19,88.61,62.71,60.07,
2012-09-20,88.72,61.9,59.37,
2012-09-21,87.9,58.19,56.89,
2012-09-24,85.88,59.58,59.31,
2012-09-25,92.79,66.55,63.2,
2012-09-26,95.05,74.55,68.09,
2012-09-27,88.24,67.62,63.57,
2012-09-28,90.49,72.46,66.6,
2012-10-01,92.51,76.85,69.61,
2012-10-02,90.25,76.57,69.95,
2012-10-03,87.56,69.91,66.15,
2012-10-04,83.51,66.08,63.11,
2012-10-05,83.1,63.17,60.39,
2012-10-08,85.85,66.46,62.88,
2012-10-09,88.53,72.79,67.74,
2012-10-10,94.36,72.43,66.93,
2012-10-11,90.74,66.66,63.47,
2012-10-12,91.87,69.1,64.66,
2012-10-15,92.92,67.8,62.97,
2012-10-16,90.31,65.12,62.76,
2012-10-17,85.6,63.57,59.55,
2012-10-18,86.51,64.36,59.88,
2012-10-19,92.63,73.28,66.56,
2012-10-22,92.48,75.56,67.95,
2012-10-23,99.66,80.1,71.13,
2012-10-24,96.39,81.46,72.14,
2012-10-25,91.86,79.52,71.92,
2012-10-26,89.43,75.13,69.04,
2012-10-31,90.23,77.5,70.86,
2012-11-01,81.7,69.92,65.62,
2012-11-02,87.84,73.01,66.92,
2012-11-05,90.75,77.44,70.46,
2012-11-06,87.56,75.14,68.48,
2012-11-07,94.75,79.41,71.66,
2012-11-08,93.39,77.97,70.27,
2012-11-09,94.02,77.47,70.65,
2012-11-12,90.54,71.95,67.07,
2012-11-13,87.84,70.12,65.82,
2012-11-14,94.66,75.28,69.31,
2012-11-15,94.54,78.36,70.78,
2012-11-16,90.27,72.89,66.66,
2012-11-19,88.43,66.87,61.91,
2012-11-20,85.93,64.54,60.42,
2012-11-21,85.85,65.6,61.63,
2012-11-23,82.86,63.72,60.66,
2012-11-26,82.45,66.33,61.85,
2012-11-27,84.17,67.04,61.46,
2012-11-28,80.39,66.11,60.88,
2012-11-29,78.42,62.06,57.71,
2012-11-30,78.59,65.92,60.57,
2012-12-03,84.07,69.57,63.49,
2012-12-04,86.18,71.31,64.51,
2012-12-05,82.98,67.19,61.97,
2012-12-06,84.15,68.48,62.73,
2012-12-07,80.74,65.96,60.73,
2012-12-10,81.56,66.59,61.12,
2012-12-11,78.7,65.3,60.02,
2012-12-12,83.02,64.85,59.83,
2012-12-13,86.74,69.06,62.97,
2012-12-14,86.39,71.97,64.53,
2012-12-17,82.1,69.61,63.29,
2012-12-18,79.36,62.89,57.83,
2012-12-19,83.33,70.07,63.2,
2012-12-20,83.06,71.57,64.18,
2012-12-21,87.7,74.31,65.99,
2012-12-24,89.27,75.5,66.08,
2012-12-26,92.17,76.65,67.49,
2012-12-27,90.89,78.59,69.08,
2012-12-28,104.72,82.59,71.83,
2012-12-31,92.5,80.85,68.67,
2013-01-02,78.77,60.26,54.84,
2013-01-03,77.02,55.59,51.42,
2013-01-04,75.18,50.47,47.9,
2013-01-07,76.77,49.61,47.8,
2013-01-08,78.37,52.26,49.23,
2013-01-09,78.51,53.33,48.76,
2013-01-10,77.49,48.84,46.63,
2013-01-11,78.52,48.3,46.29,
2013-01-14,78.28,48.9,46.5,
2013-01-15,77.84,47.43,45.45,
2013-01-16,77.26,49.72,44.87,
2013-01-17,78.77,50.57,45.45,
2013-01-18,73.43,47.55,45.32,
2013-01-22,73.87,49.12,45.67,
2013-01-23,71.86,47.39,44.95,
2013-01-24,76.17,54.6,48.04,
2013-01-25,76.92,55.17,50.86,
2013-01-28,78.16,60.04,54.75,
2013-01-29,73.61,56.01,52.55,
2013-01-30,77.34,61.05,56.83,
2013-01-31,76.72,63.12,58.24,
2013-02-01,73.29,54.21,50.97,
2013-02-04,77.79,61.9,57.68,
2013-02-05,75.07,55.86,53.32,
2013-02-06,77.24,56.92,53.36,
2013-02-07,76.86,57.63,54.39,
2013-02-08,74.42,53.32,51.63,
2013-02-11,76.1,54.69,52.25,
2013-02-12,73.83,52.82,51.31,
2013-02-13,73.25,54.49,52.17,
2013-02-14,72.99,51.95,48.9,43.3
2013-02-15,72.55,51.11,47.43,41.49
2013-02-19,70.45,49.56,46.0,39.92
2013-02-20,79.65,61.62,57.21,46.89
2013-02-21,80.83,65.92,61.04,
2013-02-22,78.66,62.72,59.22,
2013-02-25,94.34,78.15,70.27,
2013-02-26,90.23,76.63,69.21,
2013-02-27,82.29,65.46,59.93,
2013-02-28,86.57,68.31,61.21,
2013-03-01,87.83,71.29,63.83,
2013-03-04,82.27,65.27,59.82,
2013-03-05,79.32,60.43,55.82,
2013-03-06,78.78,59.02,54.49,
2013-03-07,77.16,56.66,52.62,
2013-03-08,76.65,53.17,49.33,
2013-03-11,77.32,50.68,45.52,
2013-03-12,79.99,53.36,49.93,
2013-03-13,84.36,52.32,48.38,
2013-03-14,83.5,51.8,47.81,
2013-03-15,85.72,53.36,48.48,
2013-03-18,93.07,63.95,57.64,
2013-03-19,94.39,73.95,66.6,
2013-03-20,89.45,57.64,56.19,
2013-03-21,93.98,66.96,63.0,
2013-03-22,91.78,69.52,64.67,
2013-03-25,88.86,71.37,66.2,
2013-03-26,85.14,59.93,57.59,
2013-03-27,85.32,62.53,58.94,
2013-03-28,83.2,60.12,57.62,
2013-04-01,84.23,66.76,63.26,
2013-04-02,80.49,60.75,59.21,
2013-04-03,85.23,65.79,63.07,
2013-04-04,83.12,66.9,63.05,
2013-04-05,84.49,68.11,63.35,
2013-04-08,82.12,63.49,60.2,
2013-04-09,82.04,57.53,55.2,
2013-04-10,82.75,54.9,54.34,
2013-04-11,83.37,52.98,52.57,
2013-04-12,82.39,52.39,50.74,
2013-04-15,104.62,77.88,70.6,
2013-04-16,88.19,68.98,63.69,
2013-04-17,105.26,82.94,73.83,
2013-04-18,107.65,88.82,77.61,
2013-04-19,95.52,75.3,68.89,
2013-04-22,90.91,70.21,65.07,
2013-04-23,85.16,64.11,61.5,
2013-04-24,84.99,63.15,59.68,
2013-04-25,85.89,64.56,61.28,
2013-04-26,85.09,63.27,60.02,
2013-04-29,84.42,64.61,60.97,
2013-04-30,83.46,64.28,60.29,
2013-05-01,88.11,69.88,64.35,
2013-05-02,83.82,62.78,58.65,
2013-05-03,80.91,57.47,54.39,
2013-05-06,79.78,56.96,53.84,
2013-05-07,78.86,56.03,53.41,
2013-05-08,79.81,55.72,52.38,
2013-05-09,81.14,57.72,54.12,
2013-05-10,80.45,57.4,53.63,
2013-05-13,,54.91,51.66,
2013-05-14,,56.72,52.99,
2013-05-15,83.15,56.43,53.53,
2013-05-16,84.5,56.6,54.7,
2013-05-17,84.0,53.36,51.45,
2013-05-20,85.01,56.45,54.2,
2013-05-21,88.04,58.13,55.83,
2013-05-22,88.23,65.46,60.49,
2013-05-23,87.4,63.85,59.77,
2013-05-24,83.88,63.73,59.61,
2013-05-28,82.65,63.81,59.48,
2013-05-29,81.72,63.92,60.6,
2013-05-30,80.22,60.06,58.43,
2013-05-31,84.87,66.27,62.82,
2013-06-03,86.99,74.45,67.62,
2013-06-04,87.39,74.91,67.86,
2013-06-05,93.18,79.55,70.84,
2013-06-06,91.91,80.48,71.53,
2013-06-07,84.19,68.44,62.37,
2013-06-10,82.94,67.15,61.91,
2013-06-11,92.32,74.8,66.85,
2013-06-12,101.77,83.85,73.17,
2013-06-13,95.08,74.76,66.83,
2013-06-14,93.87,73.81,67.3,
2013-06-17,90.45,74.65,68.0,
2013-06-18,89.99,70.95,65.07,
2013-06-19,88.59,67.06,62.63,
2013-06-20,100.98,87.55,76.12,
2013-06-21,96.1,80.19,70.26,
2013-06-24,100.93,84.94,74.07,
2013-06-25,94.83,77.95,69.21,
2013-06-26,90.76,73.75,66.73,
2013-06-27,86.05,68.49,63.78,
2013-06-28,86.54,68.76,62.68,
2013-07-01,84.89,67.77,62.57,
2013-07-02,83.7,68.85,63.43,
2013-07-03,82.72,66.92,61.55,
2013-07-05,77.41,61.8,57.71,
2013-07-08,75.49,57.65,54.7,
2013-07-09,75.92,54.3,51.48,
2013-07-10,79.54,53.79,50.59,
2013-07-11,77.16,51.87,48.72,
2013-07-12,76.14,50.67,49.27,
2013-07-15,76.22,50.01,46.93,
2013-07-16,80.84,56.19,52.97,
2013-07-17,77.06,51.63,48.9,
2013-07-18,74.68,51.59,48.27,43.84
2013-07-19,73.64,44.6,44.64,41.6
2013-07-22,72.49,47.24,45.92,38.91
2013-07-23,75.05,48.34,45.5,39.77
2013-07-24,76.8,51.33,47.84,41.37
2013-07-25,76.74,50.48,48.52,
2013-07-26,76.54,51.18,47.85,
2013-07-29,76.65,54.73,50.59,
2013-07-30,74.35,54.74,51.24,
2013-07-31,73.08,53.18,49.75,
2013-08-01,71.1,50.75,48.6,
2013-08-02,70.36,43.58,44.41,
2013-08-05,69.74,42.29,42.83,
2013-08-06,75.53,51.09,48.75,
2013-08-07,76.57,53.25,49.67,
2013-08-08,75.41,50.93,48.38,
2013-08-09,77.33,53.53,50.65,
2013-08-12,78.77,52.97,50.99,
2013-08-13,78.94,49.57,47.42,
2013-08-14,80.22,52.5,49.22,
2013-08-15,86.21,66.69,59.97,
2013-08-16,84.09,65.52,59.25,
2013-08-19,86.91,69.47,61.64,
2013-08-20,89.08,67.19,59.2,
2013-08-21,90.38,71.56,63.1,
2013-08-22,84.52,67.56,61.16,
2013-08-23,80.02,63.51,58.3,
2013-08-26,83.06,67.6,61.02,
2013-08-27,92.36,79.75,70.26,
2013-08-28,91.46,75.48,67.55,
2013-08-29,91.49,78.73,69.69,
2013-08-30,92.6,79.28,69.98,
2013-09-03,90.66,78.2,69.59,
2013-09-04,88.28,73.01,65.86,
2013-09-05,85.8,69.81,64.21,
2013-09-06,86.51,69.21,63.5,
2013-09-09,83.46,67.11,62.56,
2013-09-10,79.25,61.68,58.26,
2013-09-11,78.4,58.6,55.36,
2013-09-12,80.97,61.52,57.33,
2013-09-13,79.73,60.99,56.8,
2013-09-16,80.09,59.97,55.99,
2013-09-17,79.49,63.23,56.73,
2013-09-18,74.65,55.59,50.12,
2013-09-19,73.22,52.96,45.1,
2013-09-20,76.89,52.71,47.74,
2013-09-23,77.56,58.44,53.14,
2013-09-24,74.78,54.89,50.43,
2013-09-25,73.08,54.45,50.06,
2013-09-26,69.96,55.18,51.06,
2013-09-27,74.93,62.15,56.73,
2013-09-30,81.67,70.17,61.96,
2013-10-01,76.43,66.95,59.68,
2013-10-02,85.73,72.64,62.84,
2013-10-03,93.79,77.48,67.49,
2013-10-04,88.71,74.68,65.07,
2013-10-07,103.08,87.21,73.17,
2013-10-08,106.55,95.28,80.27,
2013-10-09,111.43,89.97,76.42,
2013-10-10,95.31,74.13,64.69,
2013-10-11,90.85,69.21,61.44,
2013-10-14,91.8,68.93,61.29,
2013-10-15,103.37,80.58,68.79,
2013-10-16,85.7,62.39,56.49,
2013-10-17,72.7,46.36,44.78,
2013-10-18,73.42,46.97,46.56,
2013-10-21,75.02,46.08,45.22,
2013-10-22,74.13,45.65,44.74,
2013-10-23,72.43,48.77,46.66,
2013-10-24,70.84,46.7,44.37,
2013-10-25,70.03,46.74,44.89,
2013-10-28,70.16,46.73,45.24,
2013-10-29,68.52,47.37,45.28,
2013-10-30,69.56,48.22,46.75,
2013-10-31,69.44,49.84,47.37,
2013-11-01,68.94,46.96,47.33,
2013-11-04,67.09,45.0,45.62,
2013-11-05,67.41,46.34,45.43,
2013-11-06,67.41,44.16,44.4,
2013-11-07,71.74,51.64,48.94,
2013-11-08,69.39,46.02,45.16,
2013-11-11,,46.13,44.74,
2013-11-12,69.39,46.44,45.66,
2013-11-13,71.37,46.34,46.05,
2013-11-14,71.91,45.79,46.32,
2013-11-15,73.58,46.18,45.46,
2013-11-18,75.06,49.36,48.96,
2013-11-19,74.45,49.6,50.0,
2013-11-20,69.05,48.29,50.16,
2013-11-21,64.95,45.13,45.32,
2013-11-22,63.77,43.63,42.53,
2013-11-25,64.88,45.17,45.27,
2013-11-26,65.14,44.35,44.22,
2013-11-27,64.81,46.08,45.51,
2013-11-29,64.81,52.88,49.95,
2013-12-02,69.59,55.18,52.29,
2013-12-03,73.21,61.23,56.8,
2013-12-04,72.73,61.24,57.08,
2013-12-05,75.8,64.58,59.34,
2013-12-06,70.45,55.51,53.08,
2013-12-09,70.45,55.39,52.48,
2013-12-10,70.45,55.92,53.26,
2013-12-11,80.55,64.47,59.57,
2013-12-12,83.38,66.3,60.32,
2013-12-13,85.39,66.35,59.86,
2013-12-16,83.2,69.15,63.27,
2013-12-17,82.23,68.65,62.8,
2013-12-18,67.17,56.45,54.59,
2013-12-19,67.03,51.61,52.07,
2013-12-20,68.0,49.81,50.22,
2013-12-23,63.49,43.45,47.02,
2013-12-24,,40.31,42.8,
2013-12-26,62.71,38.84,39.6,
2013-12-27,66.67,42.63,43.27,
2013-12-30,69.71,49.77,48.73,
2013-12-31,70.83,56.76,54.04,
2014-01-02,73.14,57.23,54.16,
2014-01-03,70.03,51.64,49.66,
2014-01-06,68.33,47.94,47.33,
2014-01-07,68.33,43.63,43.8,
2014-01-08,68.33,43.65,43.65,
2014-01-09,68.33,43.04,41.79,
2014-01-10,67.74,39.0,38.74,
2014-01-13,75.71,50.83,47.28,
2014-01-14,69.31,40.05,40.48,
2014-01-15,69.56,41.12,39.02,
2014-01-16,73.98,43.53,40.43,
2014-01-17,75.72,45.38,42.86,
2014-01-21,77.78,45.19,43.98,
2014-01-22,74.46,45.78,43.93,
2014-01-23,78.25,58.8,52.3,
2014-01-24,97.71,86.97,72.8,
2014-01-27,93.5,79.02,68.43,
2014-01-28,83.96,70.8,63.71,
2014-01-29,92.47,80.25,71.19,
2014-01-30,92.35,71.71,65.38,
2014-01-31,99.66,86.16,76.23,
2014-02-03,106.78,100.73,87.6,
2014-02-04,100.4,90.28,80.62,
2014-02-05,102.87,92.35,83.0,
2014-02-06,92.58,80.19,72.71,
2014-02-07,83.17,66.4,62.49,
2014-02-10,79.89,64.32,60.86,
2014-02-11,78.64,56.91,54.5,
2014-02-12,79.56,58.87,54.96,
2014-02-13,78.41,55.83,52.44,
2014-02-14,77.49,52.08,48.74,
2014-02-18,75.82,52.45,49.84,
2014-02-19,86.23,65.73,59.13,
2014-02-20,79.83,60.67,54.77,
2014-02-21,78.96,58.38,52.81,
2014-02-24,77.84,55.41,51.67,
2014-02-25,76.46,56.82,51.73,
2014-02-26,79.42,58.64,53.72,
2014-02-27,78.94,56.53,51.87,
2014-02-28,81.45,60.86,54.32,
2014-03-03,92.84,74.93,64.74,
2014-03-04,82.14,57.73,51.62,
2014-03-05,80.52,56.6,51.2,
2014-03-06,79.55,56.49,51.43,
2014-03-07,83.07,58.72,52.92,
2014-03-10,82.35,60.48,54.29,
2014-03-11,85.12,61.13,54.99,
2014-03-12,83.45,60.47,54.57,
2014-03-13,92.14,75.32,65.44,
2014-03-14,97.11,83.5,71.94,
2014-03-17,87.79,69.2,61.02,
2014-03-18,81.89,58.38,53.68,45.59
2014-03-19,81.35,62.81,56.49,49.46
2014-03-20,77.03,60.01,55.34,
2014-03-21,78.64,57.5,53.29,
2014-03-24,77.29,57.1,53.95,
2014-03-25,74.77,51.81,49.75,
2014-03-26,76.27,53.6,50.4,
2014-03-27,74.71,56.11,51.89,
2014-03-28,74.86,54.34,50.58,
2014-03-31,72.2,44.45,43.87,
2014-04-01,67.51,40.49,38.65,
2014-04-02,67.33,39.38,36.62,
2014-04-03,67.73,43.01,39.1,
2014-04-04,69.53,48.19,44.61,
2014-04-07,74.51,57.05,51.85,
2014-04-08,71.43,55.32,50.65,
2014-04-09,69.19,46.36,43.43,
2014-04-10,78.56,63.95,56.55,
2014-04-11,83.94,67.42,59.36,
2014-04-14,82.2,68.78,60.1,
2014-04-15,80.67,62.07,55.06,
2014-04-16,72.08,50.21,45.6,
2014-04-17,70.08,37.7,36.6,35.01
2014-04-21,68.62,39.58,38.09,34.89
2014-04-22,66.74,38.13,37.86,36.29
2014-04-23,66.22,39.87,37.25,38.06
2014-04-24,68.75,42.19,38.65,
2014-04-25,70.49,49.32,44.93,
2014-04-28,67.63,44.02,40.79,
2014-04-29,65.47,41.47,39.2,
2014-04-30,64.49,39.31,37.65,35.67
2014-05-01,64.5,55.78,52.87,47.88
2014-05-02,64.54,55.91,53.43,48.36
2014-05-05,64.4,56.49,53.88,49.69
2014-05-06,64.93,55.86,53.02,49.07
2014-05-07,62.64,55.95,53.24,48.84
2014-05-08,62.16,54.2,52.04,48.59
2014-05-09,61.76,53.56,52.13,48.7
2014-05-12,61.76,54.21,52.5,49.18
2014-05-13,61.76,54.83,53.13,48.79
2014-05-14,69.03,56.0,53.79,49.92
2014-05-15,71.6,58.12,54.12,50.42
2014-05-16,68.72,56.79,54.41,49.63
2014-05-19,67.58,55.91,53.79,51.12
2014-05-20,68.77,57.29,55.3,51.29
2014-05-21,66.56,55.37,54.48,51.56
2014-05-22,68.06,57.73,55.32,50.64
2014-05-23,66.86,57.53,56.26,50.29
2014-05-27,64.95,56.34,55.08,50.21
2014-05-28,67.37,56.62,54.94,50.48
2014-05-29,66.93,59.66,56.91,50.69
2014-05-30,67.95,60.23,57.05,51.38
2014-06-02,68.76,60.29,57.25,51.28
2014-06-03,68.19,60.9,57.69,51.83
2014-06-04,67.67,58.18,55.51,51.08
2014-06-05,65.47,56.96,55.12,50.75
2014-06-06,67.08,58.27,55.45,50.65
2014-06-09,70.88,60.43,56.4,51.57
2014-06-10,70.5,60.29,57.47,51.19
2014-06-11,74.21,60.74,57.64,51.85
2014-06-12,79.97,64.48,60.59,53.86
2014-06-13,79.81,65.77,61.67,53.92
2014-06-16,81.5,65.4,60.93,54.45
2014-06-17,78.41,63.25,60.09,54.56
2014-06-18,71.76,58.77,57.82,53.59
2014-06-19,73.41,58.29,56.49,51.92
2014-06-20,73.33,59.89,56.86,51.8
2014-06-23,72.58,61.38,57.63,52.04
2014-06-24,75.24,62.72,58.86,52.39
2014-06-25,72.31,60.23,57.15,50.85
2014-06-26,72.86,60.75,56.07,51.4
2014-06-27,72.72,60.96,57.45,51.56
2014-06-30,71.56,59.69,56.66,50.82
2014-07-01,69.28,59.78,56.41,50.64
2014-07-02,68.15,59.36,56.1,51.73
2014-07-03,68.35,57.96,55.31,50.86
2014-07-07,71.66,60.18,57.02,51.71
2014-07-08,73.21,61.56,58.74,53.62
2014-07-09,76.28,60.25,57.21,52.83
2014-07-10,82.14,64.4,60.76,55.02
2014-07-11,79.91,63.33,60.8,55.19
2014-07-14,77.29,63.06,60.32,55.2
2014-07-15,78.92,63.21,60.6,54.84
2014-07-16,75.81,60.89,59.73,54.57
2014-07-17,89.96,69.83,64.8,53.36
2014-07-18,80.37,64.36,61.47,52.58
2014-07-21,81.41,67.93,63.51,53.34
2014-07-22,75.22,64.93,62.53,53.48
2014-07-23,76.64,66.62,63.34,53.39
2014-07-24,77.66,66.59,63.48,52.87
2014-07-25,81.08,68.89,64.38,53.05
2014-07-28,81.21,68.71,63.81,53.1
2014-07-29,81.72,68.74,64.18,54.01
2014-07-30,83.58,69.91,65.04,54.23
2014-07-31,97.42,78.64,69.45,56.35
2014-08-01,101.11,82.59,72.28,58.33
2014-08-04,93.12,75.73,67.9,56.47
2014-08-05,98.32,81.83,71.75,58.63
2014-08-06,96.38,80.45,71.73,59.09
2014-08-07,97.4,82.28,73.37,61.79
2014-08-08,91.84,79.27,71.14,60.07
2014-08-11,87.54,76.5,69.35,59.45
2014-08-12,85.98,74.59,69.26,59.16
2014-08-13,81.27,71.19,66.46,58.12
2014-08-14,78.48,68.67,64.53,56.99
2014-08-15,82.2,71.55,65.64,57.93
2014-08-18,81.02,68.3,65.34,57.54
2014-08-19,80.84,68.48,65.23,56.4
2014-08-20,79.9,70.87,65.6,56.4
2014-08-21,79.61,71.33,65.19,53.87
2014-08-22,79.58,70.91,64.87,53.79
2014-08-25,79.33,70.66,64.67,53.78
2014-08-26,79.39,70.53,65.57,55.7
2014-08-27,78.85,70.61,65.59,55.71
2014-08-28,80.53,70.64,65.54,55.87
2014-08-29,81.11,71.46,66.32,56.08
2014-09-02,82.41,71.68,67.33,56.84
2014-09-03,80.77,71.1,66.56,56.95
2014-09-04,79.99,71.76,66.73,56.93
2014-09-05,77.33,70.47,66.13,56.71
2014-09-08,77.84,70.71,66.24,57.41
2014-09-09,79.3,71.99,66.71,57.97
2014-09-10,82.12,70.5,66.17,56.93
2014-09-11,83.1,69.68,65.97,58.13
2014-09-12,89.25,72.77,67.55,58.08
2014-09-15,91.58,76.26,70.05,59.69
2014-09-16,84.52,73.37,68.43,59.86
2014-09-17,81.52,71.2,66.34,59.35
2014-09-18,77.47,69.44,66.24,56.35
2014-09-19,77.7,69.98,66.18,56.09
2014-09-22,87.41,73.05,66.87,56.43
2014-09-23,91.9,77.35,69.3,57.54
2014-09-24,86.21,73.8,67.17,56.69
2014-09-25,96.72,81.41,71.61,59.07
2014-09-26,90.63,77.64,69.8,58.86
2014-09-29,95.02,81.37,71.99,59.16
2014-09-30,92.47,81.23,72.23,60.21
2014-10-01,98.12,83.83,73.39,61.09
2014-10-02,93.75,81.34,72.31,60.38
2014-10-03,87.77,77.68,69.49,59.09
2014-10-06,88.73,76.77,69.4,60.06
2014-10-07,99.2,83.37,72.71,61.44
2014-10-08,89.08,77.27,69.74,60.28
2014-10-09,102.13,83.92,73.21,61.23
2014-10-10,113.38,91.62,78.24,64.64
2014-10-13,131.57,101.2,85.04,68.27
2014-10-14,120.61,96.9,82.13,67.34
2014-10-15,129.01,99.3,86.52,70.82
2014-10-16,121.94,98.41,85.68,69.52
2014-10-17,118.84,93.47,80.83,67.07
2014-10-20,108.83,86.38,77.06,66.58
2014-10-21,104.09,81.09,73.14,65.22
2014-10-22,108.82,84.28,74.14,65.05
2014-10-23,102.05,80.56,72.43,60.78
2014-10-24,104.38,83.46,73.41,62.24
2014-10-27,100.75,79.64,71.16,60.38
2014-10-28,95.89,76.76,69.59,60.27
2014-10-29,99.34,78.59,70.22,61.58
2014-10-30,98.52,78.89,71.01,62.34
2014-10-31,94.1,76.23,69.45,61.4
2014-11-03,93.19,76.32,70.02,62.29
2014-11-04,92.44,75.6,69.51,61.57
2014-11-05,87.08,73.13,68.16,60.71
2014-11-06,83.42,71.53,66.92,60.63
2014-11-07,80.44,68.99,66.0,60.05
2014-11-10,79.7,68.29,64.52,59.57
2014-11-11,79.79,69.82,65.62,60.17
2014-11-12,83.1,70.3,66.53,61.41
2014-11-13,86.29,71.68,67.21,62.35
2014-11-14,85.58,72.0,68.47,62.46
2014-11-17,84.79,70.63,67.8,61.56
2014-11-18,82.6,69.11,66.45,60.89
2014-11-19,81.06,68.19,67.42,62.12
2014-11-20,79.14,69.63,67.38,60.47
2014-11-21,79.34,69.24,66.99,60.74
2014-11-24,79.25,68.35,66.62,60.01
2014-11-25,77.93,68.54,66.66,60.95
2014-11-26,77.04,67.77,67.02,60.35
2014-11-28,79.84,68.77,66.88,59.73
2014-12-01,86.84,73.54,70.08,61.21
2014-12-02,83.47,72.86,69.27,60.66
2014-12-03,86.45,74.14,70.01,61.24
2014-12-04,85.17,74.6,70.18,62.2
2014-12-05,85.41,74.3,70.5,62.41
2014-12-08,94.45,80.15,74.43,62.44
2014-12-09,97.13,81.45,75.81,64.65
2014-12-10,117.32,91.58,82.09,67.9
2014-12-11,132.4,98.71,87.24,71.41
2014-12-12,138.6,104.73,91.75,74.82
2014-12-15,128.22,99.63,86.95,72.96
2014-12-16,132.94,104.18,91.22,75.68
2014-12-17,114.37,91.78,83.28,69.58
2014-12-18,107.24,89.84,80.32,64.1
2014-12-19,99.17,86.22,79.64,63.3
2014-12-22,99.69,83.27,76.6,61.22
2014-12-23,94.73,83.57,75.87,61.4
2014-12-24,95.29,81.68,75.01,62.14
2014-12-26,92.28,81.09,74.74,60.79
2014-12-29,94.86,82.2,74.48,61.35
2014-12-30,97.84,84.68,75.98,61.09
2014-12-31,113.08,94.09,81.38,63.23
2015-01-02,112.55,93.03,80.53,62.31
2015-01-05,121.87,99.48,84.78,67.11
2015-01-06,118.45,98.52,84.35,66.49
2015-01-07,107.69,90.56,78.88,64.77
2015-01-08,98.44,84.38,75.09,62.04
2015-01-09,103.77,88.79,78.87,64.05
2015-01-12,109.04,91.7,79.57,65.97
2015-01-13,109.22,92.56,79.94,66.13
2015-01-14,113.5,93.76,80.77,66.65
2015-01-15,117.07,94.1,81.48,67.69
2015-01-16,111.32,93.44,81.42,67.64
2015-01-20,108.4,91.07,79.95,66.6
2015-01-21,98.62,84.67,75.84,65.02
2015-01-22,93.25,80.13,72.58,59.23
2015-01-23,96.33,81.9,73.5,59.19
2015-01-26,91.94,78.41,71.75,59.77
2015-01-27,96.11,80.75,73.16,60.52
2015-01-28,108.68,89.53,78.64,63.28
2015-01-29,100.7,84.9,75.94,62.56
2015-01-30,108.99,90.01,79.14,64.22
2015-02-02,106.74,88.56,78.0,63.5
2015-02-03,101.03,84.91,76.14,63.19
2015-02-04,103.74,87.51,77.92,64.43
2015-02-05,98.56,84.02,75.53,62.9
2015-02-06,101.69,87.07,78.26,64.51
2015-02-09,104.19,88.13,78.21,64.14
2015-02-10,97.33,84.32,76.06,64.59
2015-02-11,98.73,83.29,75.58,63.61
2015-02-12,93.24,80.18,72.82,62.6
2015-02-13,92.74,80.23,72.86,62.65
2015-02-17,92.95,81.3,73.03,62.75
2015-02-18,89.38,79.53,73.54,63.18
2015-02-19,87.6,78.8,72.7,59.69
2015-02-20,85.78,75.55,71.14,59.34
2015-02-23,86.13,75.2,70.71,60.2
2015-02-24,82.65,72.4,68.67,59.64
2015-02-25,86.57,74.18,69.46,59.12
2015-02-26,86.93,76.96,70.7,59.36
2015-02-27,85.23,75.76,70.35,58.75
2015-03-02,81.84,72.53,67.97,59.05
2015-03-03,85.05,74.58,68.63,58.54
2015-03-04,84.1,74.91,69.23,60.07
2015-03-05,81.26,73.23,68.37,57.88
2015-03-06,86.88,76.25,69.9,58.98
2015-03-09,85.55,75.03,68.95,58.12
2015-03-10,91.89,78.5,71.53,61.6
2015-03-11,97.28,78.83,72.07,62.07
2015-03-12,89.48,75.14,69.04,59.39
2015-03-13,93.12,76.14,70.57,60.58
2015-03-16,90.54,74.63,69.74,60.64
2015-03-17,88.25,73.36,69.95,59.96
2015-03-18,81.22,69.74,66.0,58.92
2015-03-19,81.61,70.68,66.72,56.89
2015-03-20,80.49,72.1,67.68,56.66
2015-03-23,79.98,71.96,66.9,57.68
2015-03-24,80.04,72.52,67.99,57.87
2015-03-25,83.52,75.36,69.82,59.73
2015-03-26,87.03,76.46,70.11,59.53
2015-03-27,86.5,75.36,69.6,59.46
2015-03-30,82.16,72.68,67.97,59.05
2015-03-31,84.01,73.5,68.74,59.61
2015-04-01,82.82,74.2,68.89,60.37
2015-04-02,80.21,72.07,67.54,60.55
2015-04-06,80.3,71.38,67.5,60.22
2015-04-07,79.7,70.54,66.75,59.18
2015-04-08,84.76,70.99,66.2,59.44
2015-04-09,80.71,68.17,65.03,59.55
2015-04-10,78.91,63.92,62.89,57.54
2015-04-13,83.8,66.95,63.16,58.16
2015-04-14,81.91,66.96,63.58,58.92
2015-04-15,79.83,64.66,62.1,58.33
2015-04-16,79.78,65.13,62.32,56.04
2015-04-17,85.97,68.35,64.18,57.1
2015-04-20,81.48,67.19,63.52,55.58
2015-04-21,81.29,67.06,64.05,55.28
2015-04-22,79.7,67.19,64.74,55.69
2015-04-23,78.17,65.42,63.06,55.96
2015-04-24,76.43,66.9,63.38,56.59
2015-04-27,81.22,68.16,64.96,57.33
2015-04-28,77.68,65.6,62.86,56.65
2015-04-29,82.27,68.86,65.07,57.61
2015-04-30,87.08,72.02,66.84,58.92
2015-05-01,79.64,67.82,64.38,57.6
2015-05-04,78.56,67.63,63.53,58.29
2015-05-05,84.45,70.98,65.74,58.34
2015-05-06,90.8,73.89,67.89,59.04
2015-05-07,89.21,72.74,66.83,58.98
2015-05-08,79.44,66.49,62.84,56.65
2015-05-11,83.11,69.51,64.65,58.03
2015-05-12,84.64,69.62,64.07,58.21
2015-05-13,84.45,70.21,65.07,58.36
2015-05-14,82.34,68.23,64.29,58.05
2015-05-15,80.93,68.67,64.38,58.31
2015-05-18,82.06,69.24,63.95,57.65
2015-05-19,77.53,67.97,62.51,57.13
2015-05-20,77.03,67.57,62.09,56.58
2015-05-21,73.18,65.25,62.03,53.55
2015-05-22,75.98,64.94,62.5,53.88
2015-05-26,81.94,69.52,63.19,54.96
2015-05-27,77.79,65.14,61.64,53.32
2015-05-28,77.35,66.95,62.36,54.8
2015-05-29,79.07,66.98,62.54,54.83
2015-06-01,78.89,67.49,62.28,54.84
2015-06-02,80.61,67.96,63.01,54.78
2015-06-03,79.27,67.54,62.34,55.5
2015-06-04,87.99,73.17,65.38,56.38
2015-06-05,84.1,70.18,64.21,55.75
2015-06-08,86.5,72.32,65.17,56.25
2015-06-09,84.34,72.27,65.78,56.83
2015-06-10,81.6,68.25,64.32,56.16
2015-06-11,79.53,68.48,63.32,55.02
2015-06-12,85.55,69.98,64.18,56.17
2015-06-15,96.12,75.52,67.4,59.05
2015-06-16,95.96,75.15,67.42,58.36
2015-06-17,93.19,74.7,67.13,58.64
2015-06-18,89.2,71.49,66.32,55.68
2015-06-19,92.16,72.81,66.53,55.42
2015-06-22,83.87,68.75,64.05,54.19
2015-06-23,78.85,66.89,62.68,54.63
2015-06-24,82.53,67.66,63.14,53.67
2015-06-25,83.51,68.61,63.36,54.24
2015-06-26,83.09,67.1,62.3,53.65
2015-06-29,117.0,88.61,74.32,57.89
2015-06-30,110.17,85.46,72.81,57.85
2015-07-01,97.6,76.95,68.15,55.97
2015-07-02,105.14,82.63,72.24,57.48
2015-07-06,105.97,84.71,72.93,58.85
2015-07-07,99.35,80.51,70.06,57.72
2015-07-08,111.67,88.61,75.56,59.17
2015-07-09,115.36,91.36,78.61,60.6
2015-07-10,101.19,81.93,71.2,58.23
2015-07-13,85.95,72.87,66.26,56.28
2015-07-14,87.35,73.45,66.36,55.58
2015-07-15,90.81,72.68,66.57,56.32
2015-07-16,87.12,69.72,64.39,55.97
2015-07-17,85.32,67.59,64.28,54.79
2015-07-20,84.38,67.85,65.24,56.13
2015-07-21,82.56,67.36,65.09,57.07
2015-07-22,78.89,67.45,65.4,57.51
2015-07-23,81.64,68.5,65.33,54.21
2015-07-24,88.36,72.6,67.49,54.9
2015-07-27,97.32,78.24,71.66,56.89
2015-07-28,84.77,70.83,66.69,55.36
2015-07-29,82.94,70.82,66.76,55.13
2015-07-30,80.65,71.32,67.52,55.77
2015-07-31,81.77,71.65,68.0,55.31
2015-08-03,79.43,67.74,65.44,55.51
2015-08-04,80.82,69.37,66.12,55.47
2015-08-05,80.1,68.52,65.43,55.65
2015-08-06,84.36,71.82,67.83,56.55
2015-08-07,82.57,71.75,67.16,55.99
2015-08-10,80.21,70.52,65.72,56.11
2015-08-11,85.22,74.1,68.16,56.85
2015-08-12,88.13,73.35,68.1,57.57
2015-08-13,88.36,74.0,67.77,57.56
2015-08-14,89.38,72.21,66.01,56.44
2015-08-17,87.35,73.1,66.18,57.04
2015-08-18,88.84,74.19,66.45,57.14
2015-08-19,91.84,78.65,69.67,58.29
2015-08-20,108.75,89.68,76.47,58.55
2015-08-21,138.57,103.34,85.56,63.02
2015-08-24,168.75,123.52,98.38,69.53
2015-08-25,152.42,116.3,93.52,68.0
2015-08-26,134.31,107.1,87.5,66.0
2015-08-27,128.59,104.86,85.89,65.03
2015-08-28,127.18,106.16,87.19,66.24
2015-08-31,127.28,104.86,87.37,66.92
2015-09-01,128.94,107.51,88.78,66.82
2015-09-02,114.43,97.08,82.05,65.4
2015-09-03,118.16,99.25,83.2,65.62
2015-09-04,123.15,103.79,86.39,67.52
2015-09-08,117.62,97.56,81.16,65.72
2015-09-09,131.3,96.71,82.85,65.93
2015-09-10,127.06,94.52,80.9,65.28
2015-09-11,119.09,91.82,79.04,64.69
2015-09-14,118.01,89.7,78.47,64.5
2015-09-15,109.34,83.84,74.09,62.17
2015-09-16,107.02,82.49,74.95,63.35
2015-09-17,118.09,89.46,78.3,61.44
2015-09-18,116.26,93.77,81.35,63.42
2015-09-21,103.4,87.48,79.56,64.31
2015-09-22,111.36,93.81,83.02,66.6
2015-09-23,105.86,91.22,83.19,66.78
2015-09-24,110.12,94.95,84.92,67.58
2015-09-25,110.54,92.3,82.7,66.28
2015-09-28,115.31,95.74,84.7,68.39
2015-09-29,110.99,93.13,83.91,67.87
2015-09-30,103.28,88.52,79.25,66.65
2015-10-01,98.27,85.92,78.07,67.02
2015-10-02,95.07,83.45,76.27,65.97
2015-10-05,92.29,79.38,73.89,64.26
2015-10-06,92.46,79.6,73.65,64.4
2015-10-07,89.43,78.34,72.64,63.99
2015-10-08,88.42,75.21,70.76,63.54
2015-10-09,89.08,77.07,72.14,63.56
2015-10-12,88.27,74.44,70.07,64.26
2015-10-13,98.35,82.35,75.4,68.47
2015-10-14,102.29,83.02,77.12,69.35
2015-10-15,96.61,77.71,73.07,66.91
2015-10-16,97.58,79.05,73.69,68.13
2015-10-19,94.38,74.42,70.47,65.9
2015-10-20,97.11,78.41,72.33,66.76
2015-10-21,106.02,85.22,77.6,69.11
2015-10-22,97.07,78.61,71.69,62.21
2015-10-23,97.21,78.74,71.94,61.32
2015-10-26,98.1,81.72,74.5,63.06
2015-10-27,95.21,78.88,72.32,62.14
2015-10-28,88.28,75.8,70.92,62.08
2015-10-29,88.6,77.09,72.18,62.32
2015-10-30,90.27,77.8,72.82,63.0
2015-11-02,86.75,75.58,71.45,62.54
2015-11-03,87.34,76.67,71.87,63.48
2015-11-04,89.46,77.75,72.75,63.01
2015-11-05,87.68,77.41,72.67,63.5
2015-11-06,85.03,76.18,72.0,63.49
2015-11-09,92.97,80.73,74.51,64.44
2015-11-10,86.96,78.4,73.82,65.21
2015-11-11,91.25,79.17,73.92,64.57
2015-11-12,98.19,85.42,78.65,66.45
2015-11-13,106.06,89.66,81.12,68.37
2015-11-16,96.71,84.37,77.37,66.43
2015-11-17,100.37,87.24,78.88,68.41
2015-11-18,93.47,82.79,75.96,66.0
2015-11-19,96.18,85.82,78.44,64.08
2015-11-20,90.79,84.18,77.8,64.01
2015-11-23,88.55,82.29,76.6,63.18
2015-11-24,89.64,83.81,78.34,64.56
2015-11-25,86.14,82.44,76.9,63.92
2015-11-27,88.35,82.94,76.57,64.02
2015-11-30,90.84,84.54,77.54,64.55
2015-12-01,87.32,82.59,76.96,63.55
2015-12-02,92.94,84.87,78.16,64.99
2015-12-03,101.8,89.07,80.94,66.48
2015-12-04,89.19,82.37,76.69,64.84
2015-12-07,94.3,83.98,77.59,65.43
2015-12-08,99.16,85.44,78.62,66.48
2015-12-09,113.83,88.77,80.79,66.9
2015-12-10,113.8,89.77,81.91,68.1
2015-12-11,131.09,100.91,88.36,71.74
2015-12-14,122.22,95.52,85.47,71.59
2015-12-15,114.37,90.38,82.46,69.08
2015-12-16,108.93,86.7,79.05,68.03
2015-12-17,113.52,89.36,81.22,63.76
2015-12-18,118.32,95.17,84.58,65.86
2015-12-21,109.44,88.91,81.18,65.02
2015-12-22,100.91,85.77,78.47,63.78
2015-12-23,99.61,83.75,76.76,63.88
2015-12-24,99.88,85.02,77.05,64.22
2015-12-28,99.24,84.78,76.7,62.76
2015-12-29,95.13,82.26,74.85,64.02
2015-12-30,100.82,85.7,76.79,64.09
2015-12-31,100.2,86.86,76.93,63.01
2016-01-04,107.69,90.1,78.81,64.34
2016-01-05,101.84,86.77,77.41,64.59
2016-01-06,103.06,88.28,78.43,65.88
2016-01-07,116.55,96.65,83.56,68.9
2016-01-08,116.46,98.12,85.65,69.78
2016-01-11,109.63,94.63,83.74,71.12
2016-01-12,104.52,90.53,81.62,70.76
2016-01-13,117.14,97.61,86.73,73.92
2016-01-14,110.07,95.86,85.38,74.33
2016-01-15,116.41,101.2,89.53,76.7
2016-01-19,113.76,97.98,87.91,77.6
2016-01-20,112.88,98.37,87.44,76.82
2016-01-21,108.38,95.21,86.25,72.1
2016-01-22,98.92,91.3,83.35,70.03
2016-01-25,102.88,92.96,85.11,71.27
2016-01-26,98.4,89.51,82.0,69.56
2016-01-27,100.04,91.12,84.29,70.48
2016-01-28,96.56,88.21,82.05,69.6
2016-01-29,89.95,83.4,78.12,66.79
2016-02-01,89.65,82.42,77.41,67.39
2016-02-02,97.6,88.6,81.61,69.38
2016-02-03,97.32,90.38,83.21,69.34
2016-02-04,95.22,88.47,81.71,69.71
2016-02-05,100.55,91.14,83.59,71.55
2016-02-08,104.53,93.32,85.11,72.3
2016-02-09,103.06,92.59,84.73,71.69
2016-02-10,106.19,92.14,84.48,72.16
2016-02-11,107.21,91.76,86.31,73.0
2016-02-12,103.25,92.09,83.49,71.54
2016-02-16,94.2,86.52,81.52,71.31
2016-02-17,88.96,82.28,78.79,69.82
2016-02-18,87.53,82.33,76.62,64.64
2016-02-19,86.25,79.83,75.08,64.28
2016-02-22,86.19,78.13,73.98,63.47
2016-02-23,89.67,80.64,75.76,63.41
2016-02-24,86.74,80.35,75.26,64.68
2016-02-25,83.51,77.25,73.47,63.77
2016-02-26,83.72,78.17,74.6,63.63
2016-02-29,85.06,79.18,74.35,63.47
2016-03-01,79.45,73.48,70.63,62.28
2016-03-02,78.84,71.6,68.61,61.64
2016-03-03,79.41,72.14,68.6,61.29
2016-03-04,81.97,73.83,70.21,61.77
2016-03-07,82.3,74.71,70.43,62.43
2016-03-08,87.46,78.14,72.05,61.81
2016-03-09,92.86,75.91,70.45,62.54
2016-03-10,94.77,76.95,70.93,62.6
2016-03-11,92.35,75.52,68.99,61.38
2016-03-14,89.74,73.56,67.2,61.83
2016-03-15,90.34,74.32,68.98,62.46
2016-03-16,84.37,73.09,68.02,62.39
2016-03-17,84.71,72.53,67.11,57.76
2016-03-18,86.2,75.14,68.47,57.66
2016-03-21,87.78,75.01,69.92,59.46
2016-03-22,85.04,74.96,69.24,59.32
2016-03-23,86.06,77.06,70.53,59.68
2016-03-24,84.2,77.3,71.67,60.32
2016-03-28,83.29,76.7,71.24,60.42
2016-03-29,81.39,75.55,70.44,59.97
2016-03-30,80.33,76.16,70.87,60.38
2016-03-31,82.94,76.84,71.23,60.46
2016-04-01,81.57,75.52,70.38,60.11
2016-04-04,84.43,76.61,71.3,60.79
2016-04-05,89.11,78.65,72.46,61.65
2016-04-06,85.59,77.25,71.93,61.43
2016-04-07,92.74,82.02,75.09,63.03
2016-04-08,89.73,80.99,74.4,62.31
2016-04-11,92.81,82.59,75.44,63.7
2016-04-12,89.78,80.61,74.01,62.97
2016-04-13,87.89,77.42,72.97,63.3
2016-04-14,87.92,77.32,72.97,63.22
2016-04-15,90.27,76.06,71.53,62.41
2016-04-18,86.57,73.35,70.0,61.46
2016-04-19,86.98,75.38,71.0,62.15
2016-04-20,87.97,77.05,71.88,63.23
2016-04-21,87.07,77.55,72.5,60.34
2016-04-22,84.1,76.02,71.54,60.28
2016-04-25,85.77,77.19,72.89,61.96
2016-04-26,84.51,77.86,72.16,60.61
2016-04-27,83.1,75.56,71.46,61.24
2016-04-28,87.36,78.89,73.69,61.78
2016-04-29,91.68,81.1,74.77,61.82
2016-05-02,89.49,79.82,73.41,62.0
2016-05-03,91.66,82.57,75.88,63.06
2016-05-04,91.86,82.68,76.1,63.11
2016-05-05,91.58,83.0,75.97,63.33
2016-05-06,88.86,81.63,74.94,62.73
2016-05-09,86.42,80.22,73.97,62.47
2016-05-10,85.92,79.36,73.31,63.29
2016-05-11,91.53,80.82,74.05,63.62
2016-05-12,91.25,81.69,74.91,63.89
2016-05-13,94.0,84.47,75.89,64.82
2016-05-16,90.61,80.46,75.02,64.75
2016-05-17,91.76,82.86,76.2,65.84
2016-05-18,89.99,81.67,75.22,65.24
2016-05-19,90.46,82.37,77.45,62.91
2016-05-20,85.46,79.67,75.96,64.57
2016-05-23,84.12,79.92,75.45,62.95
2016-05-24,79.48,77.08,72.5,62.61
2016-05-25,78.54,75.83,72.61,62.42
2016-05-26,77.48,75.73,72.69,62.47
2016-05-27,76.17,75.59,72.62,61.7
2016-05-31,79.43,76.85,72.79,63.89
2016-06-01,78.93,75.99,72.05,63.39
2016-06-02,79.54,75.66,71.53,62.63
2016-06-03,79.08,75.9,71.84,62.2
2016-06-06,80.71,76.7,72.13,63.88
2016-06-07,82.3,77.41,72.66,63.34
2016-06-08,86.61,77.25,73.45,64.0
2016-06-09,89.98,80.09,75.34,64.97
2016-06-10,103.78,86.21,78.1,66.71
2016-06-13,124.56,100.81,87.22,71.15
2016-06-14,116.44,93.12,83.1,68.58
2016-06-15,114.23,91.66,80.46,66.88
2016-06-16,115.47,94.03,81.76,63.29
2016-06-17,115.72,94.5,81.77,63.49
2016-06-20,112.4,89.43,78.83,62.29
2016-06-21,113.46,89.53,78.02,61.58
2016-06-22,122.94,95.17,81.88,61.27
2016-06-23,104.71,81.96,72.24,59.59
2016-06-24,125.13,101.29,82.4,64.72
2016-06-27,115.6,94.09,80.02,63.39
2016-06-28,108.0,88.7,77.48,61.13
2016-06-29,98.6,85.14,75.63,61.12
2016-06-30,94.23,82.59,73.67,61.26
2016-07-01,91.7,81.55,74.35,61.61
2016-07-05,91.85,81.57,74.83,63.07
2016-07-06,89.24,81.15,75.3,64.11
2016-07-07,89.5,81.89,75.33,63.82
2016-07-08,84.72,77.36,72.83,62.22
2016-07-11,84.78,76.66,72.54,62.36
2016-07-12,84.98,77.46,72.2,62.47
2016-07-13,84.18,75.81,72.11,62.61
2016-07-14,86.03,76.6,71.48,61.8
2016-07-15,89.04,77.62,72.71,63.11
2016-07-18,87.2,76.36,72.48,62.55
2016-07-19,89.03,78.23,74.2,63.83
2016-07-20,87.09,76.85,72.86,62.78
2016-07-21,92.84,80.15,73.54,58.77
2016-07-22,89.51,78.26,73.36,58.51
2016-07-25,91.95,79.08,74.11,59.69
2016-07-26,91.44,79.62,74.39,60.19
2016-07-27,91.23,81.08,76.14,60.69
2016-07-28,89.81,81.46,76.52,61.55
2016-07-29,90.84,82.74,78.54,62.1
2016-08-01,90.68,83.44,78.71,63.96
2016-08-02,93.89,83.71,78.16,62.6
2016-08-03,88.59,80.44,76.37,61.74
2016-08-04,88.14,79.77,76.57,63.31
2016-08-05,85.23,78.61,74.42,61.2
2016-08-08,84.5,77.84,74.19,61.74
2016-08-09,86.65,78.44,74.0,62.7
2016-08-10,89.4,79.99,75.19,62.14
2016-08-11,97.36,80.71,75.13,62.5
2016-08-12,94.49,80.7,75.91,63.64
2016-08-15,91.67,79.66,75.53,63.0
2016-08-16,91.86,79.18,76.15,63.65
2016-08-17,84.84,77.14,73.33,62.08
2016-08-18,82.83,77.12,73.9,59.68
2016-08-19,82.44,77.6,74.88,60.09
2016-08-22,83.13,78.1,74.71,61.11
2016-08-23,83.45,76.99,73.78,60.94
2016-08-24,85.37,79.32,75.36,61.96
2016-08-25,85.43,79.29,75.16,62.16
2016-08-26,88.62,81.36,76.16,62.76
2016-08-29,85.83,79.94,75.21,62.09
2016-08-30,84.44,79.39,75.1,62.36
2016-08-31,84.87,79.32,75.05,62.54
2016-09-01,84.9,79.32,75.0,62.11
2016-09-02,81.35,78.92,75.03,62.13
2016-09-06,82.14,78.01,73.93,62.41
2016-09-07,83.08,77.93,73.64,62.57
2016-09-08,85.57,80.43,75.84,62.88
2016-09-09,110.02,93.08,82.8,66.59
2016-09-12,99.53,85.48,77.85,64.7
2016-09-13,110.02,91.94,81.49,65.98
2016-09-14,113.15,92.32,81.85,66.99
2016-09-15,109.27,90.25,80.36,65.73
2016-09-16,102.59,86.5,77.71,64.98
2016-09-19,101.58,87.73,78.85,66.03
2016-09-20,101.98,87.44,78.4,66.17
2016-09-21,92.59,82.93,75.45,64.68
2016-09-22,89.22,80.9,75.17,59.77
2016-09-23,90.4,81.99,75.35,60.45
2016-09-26,96.24,84.97,77.39,61.51
2016-09-27,88.94,80.97,74.83,61.01
2016-09-28,87.55,80.83,75.04,60.98
2016-09-29,93.78,85.02,76.72,62.09
2016-09-30,91.42,83.23,76.32,61.26
2016-10-03,91.51,82.39,74.74,61.27
2016-10-04,89.94,81.79,74.38,61.32
2016-10-05,89.88,82.05,73.95,61.2
2016-10-06,89.86,82.35,74.23,61.13
2016-10-07,90.86,82.2,74.04,61.25
2016-10-10,90.66,80.26,72.56,61.01
2016-10-11,95.43,83.07,74.72,62.2
2016-10-12,102.02,81.81,73.58,60.96
2016-10-13,103.4,83.04,74.81,62.74
2016-10-14,101.01,83.04,74.58,62.99
2016-10-17,99.34,81.79,73.7,62.27
2016-10-18,96.87,79.68,74.28,64.14
2016-10-19,93.9,78.98,73.36,63.82
2016-10-20,89.72,77.64,72.83,60.9
2016-10-21,87.34,76.53,71.87,61.6
2016-10-24,85.81,75.22,71.52,62.35
2016-10-25,86.23,75.32,71.42,62.57
2016-10-26,86.9,75.71,71.34,61.46
2016-10-27,91.21,78.27,73.04,62.55
2016-10-28,99.44,80.21,73.16,62.73
2016-10-31,102.82,81.54,73.26,63.08
2016-11-01,108.26,85.89,76.38,63.94
2016-11-02,112.39,88.33,77.14,64.98
2016-11-03,120.24,91.7,79.21,65.84
2016-11-04,120.23,92.87,78.68,65.63
2016-11-07,107.84,83.47,72.74,64.94
2016-11-08,108.67,85.65,74.72,64.51
2016-11-09,96.14,77.04,70.53,62.69
2016-11-10,102.67,81.17,73.97,63.02
2016-11-11,97.22,78.21,72.9,64.1
2016-11-14,98.22,78.22,72.52,64.36
2016-11-15,91.77,74.4,71.33,63.77
2016-11-16,92.45,76.08,70.59,64.06
2016-11-17,87.58,73.48,70.94,61.34
2016-11-18,86.4,74.67,71.26,61.78
2016-11-21,80.75,72.58,70.56,60.82
2016-11-22,83.4,73.58,70.48,61.84
2016-11-23,82.45,74.12,71.01,61.28
2016-11-25,82.65,74.01,71.05,61.73
2016-11-28,86.17,75.9,71.79,62.47
2016-11-29,86.28,76.13,72.6,62.95
2016-11-30,88.99,77.05,72.95,62.84
2016-12-01,97.79,82.78,77.07,64.79
2016-12-02,98.07,82.39,75.97,65.46
2016-12-05,88.88,79.63,74.87,65.31
2016-12-06,88.12,78.93,74.26,65.55
2016-12-07,89.11,79.62,74.66,65.26
2016-12-08,91.27,80.52,74.89,64.65
2016-12-09,89.4,80.01,74.8,65.02
2016-12-12,91.87,79.74,74.37,64.51
2016-12-13,93.32,81.41,74.68,64.72
2016-12-14,96.82,79.92,74.64,64.53
2016-12-15,93.08,79.62,73.98,64.65
2016-12-16,93.79,80.14,74.16,65.21
2016-12-19,90.51,77.86,73.07,64.26
2016-12-20,88.26,77.6,73.32,65.48
2016-12-21,87.97,78.36,74.85,67.18
2016-12-22,89.72,78.98,74.52,61.18
2016-12-23,87.64,78.48,74.14,61.45
2016-12-27,86.37,77.91,73.31,62.57
2016-12-28,89.17,78.58,74.41,62.86
2016-12-29,88.87,79.15,74.81,63.64
2016-12-30,91.6,80.62,75.43,63.55
2017-01-03,85.37,79.09,74.33,64.52
2017-01-04,82.27,75.45,71.97,63.06
2017-01-05,81.33,75.06,71.99,63.98
2017-01-06,80.59,75.33,71.87,63.18
2017-01-09,83.47,75.3,71.88,63.8
2017-01-10,86.36,76.61,72.83,64.48
2017-01-11,86.72,75.87,72.29,63.7
2017-01-12,90.44,78.32,74.02,64.24
2017-01-13,92.9,79.93,75.13,65.69
2017-01-17,92.39,81.78,76.39,66.72
2017-01-18,87.06,79.61,74.75,64.92
2017-01-19,86.84,79.62,74.4,62.27
2017-01-20,83.63,78.17,73.56,61.69
2017-01-23,84.51,77.42,73.05,61.6
2017-01-24,79.05,72.3,70.32,61.91
2017-01-25,78.66,71.78,69.25,61.48
2017-01-26,79.65,72.65,70.26,62.07
2017-01-27,83.63,75.49,72.48,64.34
2017-01-30,92.04,80.45,74.6,64.56
2017-01-31,89.83,79.05,73.86,64.07
2017-02-01,87.75,77.88,73.03,64.82
2017-02-02,89.73,79.25,73.97,64.74
2017-02-03,88.97,80.68,74.86,64.27
2017-02-06,90.02,79.85,74.81,64.78
2017-02-07,89.61,80.26,75.36,65.75
2017-02-08,94.58,79.62,75.39,65.49
2017-02-09,89.59,77.74,74.77,65.35
2017-02-10,85.77,75.19,75.01,65.55
2017-02-13,80.84,73.85,73.43,65.66
2017-02-14,78.35,71.16,72.17,64.58
2017-02-15,81.12,71.68,71.43,64.08
2017-02-16,79.66,72.55,71.36,61.6
2017-02-17,81.25,72.76,73.85,62.75
2017-02-21,82.45,74.89,75.3,62.89
2017-02-22,81.53,76.93,76.82,63.68
2017-02-23,82.2,79.92,78.85,64.99
2017-02-24,83.31,84.11,81.87,65.78
2017-02-27,85.69,85.2,82.43,65.67
2017-02-28,88.08,86.2,83.2,65.17
2017-03-01,84.03,83.17,79.97,66.07
2017-03-02,83.61,83.16,79.81,64.97
2017-03-03,81.19,80.64,77.56,65.24
2017-03-06,81.44,80.17,77.0,63.72
2017-03-07,81.43,80.07,76.36,64.31
2017-03-08,82.5,79.5,75.37,64.11
2017-03-09,83.64,80.39,76.16,64.56
2017-03-10,80.27,78.98,75.0,65.42
2017-03-13,81.57,78.4,75.27,65.52
2017-03-14,85.88,80.43,76.28,65.36
2017-03-15,80.76,78.88,75.27,66.41
2017-03-16,75.96,77.41,73.95,64.77
2017-03-17,78.66,75.82,73.42,65.26
2017-03-20,77.16,76.3,74.35,66.13
2017-03-21,83.02,79.44,76.0,67.34
2017-03-22,83.8,79.27,74.38,67.09
2017-03-23,88.93,80.29,75.48,61.83
2017-03-24,89.74,81.55,75.54,62.56
2017-03-27,84.86,76.88,73.93,62.37
2017-03-28,79.27,74.28,71.5,62.72
2017-03-29,78.26,71.03,68.9,60.95
2017-03-30,77.87,72.16,69.65,62.27
2017-03-31,78.31,71.96,69.17,61.42
2017-04-03,82.96,73.32,69.46,61.14
2017-04-04,79.67,71.12,68.12,59.89
2017-04-05,86.59,74.96,69.43,59.4
2017-04-06,83.91,73.57,68.46,59.06
2017-04-07,89.39,76.28,70.16,59.57
2017-04-10,97.9,78.97,71.03,60.33
2017-04-11,103.74,84.73,75.12,61.85
2017-04-12,111.53,84.65,74.6,61.99
2017-04-13,115.54,86.3,75.72,62.51
2017-04-17,101.49,79.33,72.74,61.37
2017-04-18,99.52,80.5,72.64,62.05
2017-04-19,97.89,78.19,71.47,61.46
2017-04-20,94.53,74.97,68.89,57.5
2017-04-21,95.41,73.58,68.7,57.68
2017-04-24,78.17,65.34,63.92,56.43
2017-04-25,75.64,65.43,63.78,56.27
2017-04-26,76.64,65.85,64.15,57.1
2017-04-27,76.66,67.01,64.64,57.81
2017-04-28,77.09,68.41,65.96,58.0
2017-05-01,78.33,66.7,66.06,59.07
2017-05-02,79.33,68.24,66.16,60.05
2017-05-03,78.77,69.25,67.12,60.45
2017-05-04,78.0,68.97,67.2,60.47
2017-05-05,80.65,69.16,67.37,60.52
2017-05-08,81.38,70.98,68.07,61.11
2017-05-09,83.63,72.41,70.14,62.52
2017-05-10,87.49,73.4,70.9,62.71
2017-05-11,86.51,72.91,70.02,62.85
2017-05-12,82.5,73.31,70.5,63.34
2017-05-15,79.53,71.3,69.63,63.09
2017-05-16,76.76,69.95,70.02,64.27
2017-05-17,111.48,85.09,76.68,65.55
2017-05-18,104.12,82.14,75.45,62.08
2017-05-19,87.21,74.53,72.08,62.33
2017-05-22,83.47,73.04,70.91,62.11
2017-05-23,84.19,72.56,69.76,62.66
2017-05-24,81.91,70.66,68.99,61.55
2017-05-25,82.2,72.75,68.89,62.44
2017-05-26,81.81,72.6,69.86,62.36
2017-05-30,84.3,72.32,68.76,62.5
2017-05-31,84.52,72.65,69.94,62.93
2017-06-01,83.83,71.86,69.46,63.04
2017-06-02,83.62,72.74,69.99,64.18
2017-06-05,86.08,72.85,70.04,64.52
2017-06-06,89.15,74.88,71.19,64.41
2017-06-07,88.22,76.01,71.34,65.5
2017-06-08,83.28,73.09,69.43,64.56
2017-06-09,87.41,72.95,69.69,64.02
2017-06-12,91.21,75.83,70.63,65.21
2017-06-13,86.66,74.55,69.89,65.19
2017-06-14,89.97,73.34,69.85,65.68
2017-06-15,89.95,73.95,70.49,64.94
2017-06-16,87.0,73.48,69.49,64.76
2017-06-19,85.27,71.17,68.57,65.19
2017-06-20,89.19,73.77,69.55,66.02
2017-06-21,88.07,73.29,68.31,66.22
2017-06-22,86.38,72.55,69.87,62.61
2017-06-23,84.52,71.1,69.45,62.43
2017-06-26,81.94,71.32,68.79,63.18
2017-06-27,87.3,75.42,71.17,63.92
2017-06-28,84.24,72.88,68.85,62.47
2017-06-29,93.78,78.78,73.4,63.41
2017-06-30,90.43,75.82,70.69,61.62
2017-07-03,93.31,76.67,72.0,62.54
2017-07-05,91.98,76.1,71.49,63.08
2017-07-06,100.21,80.76,74.53,63.13
2017-07-07,92.5,77.52,73.15,63.64
2017-07-10,89.69,75.75,71.1,63.34
2017-07-11,88.23,73.38,70.32,62.6
2017-07-12,88.19,71.83,69.37,62.44
2017-07-13,85.68,71.45,69.79,62.22
2017-07-14,82.2,69.55,68.66,62.77
2017-07-17,80.27,69.13,66.87,62.61
2017-07-18,79.14,68.33,67.62,62.19
2017-07-19,77.96,66.82,66.69,63.1
2017-07-20,76.26,65.29,65.85,60.73
2017-07-21,77.86,66.2,65.82,60.56
2017-07-24,78.24,66.2,64.76,59.33
2017-07-25,79.17,67.79,66.64,59.46
2017-07-26,82.34,68.03,67.15,60.77
2017-07-27,86.87,71.86,69.12,60.72
2017-07-28,87.2,74.57,70.95,61.51
2017-07-31,86.76,74.4,70.53,62.71
2017-08-01,84.55,71.15,67.66,61.34
2017-08-02,86.89,73.37,68.47,61.06
2017-08-03,87.66,75.58,70.24,62.41
2017-08-04,87.39,74.55,70.21,61.81
2017-08-07,90.01,76.87,71.34,63.89
2017-08-08,98.68,81.07,74.92,64.14
2017-08-09,106.77,82.68,74.95,64.5
2017-08-10,135.32,96.38,82.42,67.13
2017-08-11,127.43,95.83,82.8,68.26
2017-08-14,100.6,81.0,74.29,65.07
2017-08-15,96.71,80.73,74.19,64.79
2017-08-16,94.82,81.43,73.92,65.16
2017-08-17,117.77,94.05,81.96,66.01
2017-08-18,114.39,92.02,80.05,64.05
2017-08-21,101.39,89.08,79.45,65.32
2017-08-22,92.7,84.38,75.51,63.58
2017-08-23,98.96,85.31,76.11,63.64
2017-08-24,100.26,88.4,78.54,64.88
2017-08-25,95.53,86.59,76.92,65.13
2017-08-28,96.42,86.71,77.6,65.11
2017-08-29,98.79,87.71,77.76,65.2
2017-08-30,98.9,87.37,76.58,65.3
2017-08-31,94.86,85.79,76.36,65.84
2017-09-01,93.6,84.13,75.45,64.85
2017-09-05,102.66,88.1,77.84,66.35
2017-09-06,99.61,86.44,77.26,66.34
2017-09-07,96.29,85.0,76.96,65.93
2017-09-08,100.12,85.82,78.37,68.14
2017-09-11,93.66,83.95,76.33,66.25
2017-09-12,92.39,81.24,75.79,66.56
2017-09-13,90.89,77.98,73.85,65.94
2017-09-14,92.09,79.2,73.48,65.41
2017-09-15,90.63,77.46,73.42,66.63
2017-09-18,90.46,76.36,70.32,66.87
2017-09-19,91.22,77.53,73.32,66.76
2017-09-20,90.91,77.45,73.0,67.08
2017-09-21,92.32,79.22,74.32,63.92
2017-09-22,93.29,80.6,74.89,63.82
2017-09-25,96.4,80.1,74.78,64.35
2017-09-26,94.81,80.62,75.36,64.37
2017-09-27,95.36,81.2,75.2,63.34
2017-09-28,94.1,80.05,75.24,63.89
2017-09-29,93.14,79.61,74.64,64.24
2017-10-02,92.48,79.66,74.39,63.68
2017-10-03,91.59,79.38,73.83,65.45
2017-10-04,92.12,79.87,74.84,65.49
2017-10-05,91.79,79.81,74.61,65.89
2017-10-06,97.09,82.56,76.21,65.49
2017-10-09,101.83,84.91,77.66,66.48
2017-10-10,97.33,82.44,77.15,66.29
2017-10-11,99.22,81.72,76.05,67.2
2017-10-12,97.77,80.79,75.86,67.46
2017-10-13,97.8,80.97,75.32,66.19
2017-10-16,97.65,79.6,75.76,66.89
2017-10-17,98.74,82.33,76.06,68.07
2017-10-18,94.34,82.02,75.97,68.78
2017-10-19,93.33,81.08,74.69,65.37
2017-10-20,90.53,80.15,74.7,65.57
2017-10-23,97.09,80.67,76.37,66.15
2017-10-24,98.43,81.59,76.25,67.3
2017-10-25,100.16,83.73,77.03,68.1
2017-10-26,97.73,82.73,75.7,68.04
2017-10-27,92.78,80.46,74.31,67.24
2017-10-30,95.19,81.17,74.98,66.94
2017-10-31,92.01,79.85,74.78,67.78
2017-11-01,92.0,79.5,74.84,67.69
2017-11-02,91.48,80.01,74.55,67.44
2017-11-03,89.68,79.02,74.75,68.25
2017-11-06,91.25,80.41,75.46,68.77
2017-11-07,93.45,82.08,77.1,69.87
2017-11-08,97.74,81.98,77.34,69.82
2017-11-09,98.82,82.05,77.24,70.86
2017-11-10,104.76,85.84,79.86,71.26
2017-11-13,106.3,88.02,81.14,72.21
2017-11-14,103.18,86.47,81.14,73.38
2017-11-15,106.27,91.86,84.35,75.25
2017-11-16,100.15,88.78,81.61,71.31
2017-11-17,97.12,87.37,80.63,70.55
2017-11-20,93.76,83.78,79.35,69.27
2017-11-21,89.27,80.83,77.04,69.28
2017-11-22,86.42,77.38,75.27,69.65
2017-11-24,86.32,76.66,75.82,69.7
2017-11-27,86.58,77.83,75.13,69.27
2017-11-28,85.73,76.18,74.42,69.03
2017-11-29,89.57,77.29,75.83,70.86
2017-11-30,89.94,76.46,75.14,70.06
2017-12-01,95.03,79.21,75.94,69.95
2017-12-04,97.57,79.75,76.71,70.66
2017-12-05,97.95,80.39,77.56,69.75
2017-12-06,98.17,82.41,79.07,70.95
2017-12-07,95.83,81.52,78.4,70.32
2017-12-08,91.89,78.76,76.57,69.3
2017-12-11,92.06,79.11,76.48,70.29
2017-12-12,93.27,80.01,76.22,69.29
2017-12-13,95.56,80.1,76.96,69.69
2017-12-14,96.07,79.62,78.05,70.45
2017-12-15,92.2,78.6,75.93,70.35
2017-12-18,90.64,78.09,76.15,69.96
2017-12-19,93.58,79.88,76.89,69.54
2017-12-20,92.86,81.58,78.07,70.97
2017-12-21,92.21,81.59,77.97,66.62
2017-12-22,94.9,82.56,79.08,66.79
2017-12-26,97.56,82.83,77.82,67.33
2017-12-27,97.08,83.7,78.81,67.0
2017-12-28,97.25,84.56,80.13,68.58
2017-12-29,100.76,88.19,82.12,70.19
2018-01-02,97.36,85.63,80.56,69.61
2018-01-03,94.4,83.35,79.69,70.4
2018-01-04,94.21,83.53,79.85,69.76
2018-01-05,93.1,82.48,79.64,70.41
2018-01-08,93.97,80.81,77.49,69.93
2018-01-09,94.74,82.32,78.64,70.24
2018-01-10,93.7,80.25,77.02,70.28
2018-01-11,92.24,77.37,75.68,70.11
2018-01-12,92.22,81.35,76.97,69.19
2018-01-16,106.49,86.44,81.31,72.21
2018-01-17,102.63,84.11,79.55,71.91
2018-01-18,103.68,87.13,81.86,69.66
2018-01-19,101.62,86.66,82.46,71.25
2018-01-22,99.68,85.98,82.32,72.3
2018-01-23,98.59,85.03,82.44,72.04
2018-01-24,99.77,87.33,82.92,72.59
2018-01-25,101.78,87.2,83.2,72.88
2018-01-26,98.65,85.28,81.31,72.14
2018-01-29,110.01,90.69,84.09,72.57
2018-01-30,113.48,94.66,86.76,74.66
2018-01-31,108.41,92.56,84.78,72.87
2018-02-01,105.77,90.55,83.42,71.21
2018-02-02,125.51,100.83,90.42,74.67
2018-02-05,177.34,239.21,217.46,107.58
2018-02-06,161.12,126.71,108.81,81.69
2018-02-07,159.03,125.3,107.24,79.74
2018-02-08,180.61,138.96,114.87,83.94
2018-02-09,167.28,124.17,104.45,79.72
2018-02-12,140.8,110.28,94.87,74.55
2018-02-13,136.58,106.81,94.43,74.01
2018-02-14,124.49,99.19,91.4,74.26
2018-02-15,122.76,99.51,89.87,69.96
2018-02-16,121.2,100.81,91.44,72.52
2018-02-20,122.58,100.73,91.62,72.99
2018-02-21,125.73,102.8,92.02,71.54
2018-02-22,116.98,96.81,87.0,70.0
2018-02-23,110.19,92.68,84.15,68.65
2018-02-26,107.68,91.13,83.28,70.06
2018-02-27,119.5,97.52,86.6,70.72
2018-02-28,121.7,98.78,87.49,69.84
2018-03-01,128.14,104.01,90.78,73.56
2018-03-02,114.78,94.65,85.31,70.8
2018-03-05,109.66,91.72,82.96,69.31
2018-03-06,104.61,89.02,81.65,69.3
2018-03-07,99.49,86.63,80.25,68.84
2018-03-08,96.92,85.79,79.58,68.41
2018-03-09,99.71,85.49,78.8,67.21
2018-03-12,104.94,88.95,80.57,68.67
2018-03-13,107.04,90.23,81.85,69.7
2018-03-14,110.29,91.09,83.52,69.92
2018-03-15,109.28,90.73,82.67,70.44
2018-03-16,106.49,89.37,82.61,69.98
2018-03-19,112.92,92.17,84.22,70.49
2018-03-20,107.13,89.95,83.05,71.18
2018-03-21,106.6,88.98,82.04,71.47
2018-03-22,125.12,100.16,89.12,71.13
2018-03-23,129.82,105.11,92.57,72.99
2018-03-26,113.08,94.07,85.14,70.32
2018-03-27,118.61,97.27,86.8,71.93
2018-03-28,114.02,94.22,84.64,70.58
2018-03-29,103.32,87.13,79.5,68.3
2018-04-02,111.67,91.97,82.57,69.32
2018-04-03,102.06,85.37,78.17,67.28
2018-04-04,95.44,81.9,75.8,66.71
2018-04-05,92.21,79.95,74.22,65.05
2018-04-06,98.6,83.61,76.2,65.0
2018-04-09,100.24,83.95,75.16,64.2
2018-04-10,98.21,82.36,74.05,64.08
2018-04-11,100.02,81.95,74.29,64.24
2018-04-12,98.08,78.0,72.51,62.95
2018-04-13,93.94,76.33,70.65,62.29
2018-04-16,93.22,77.37,70.02,61.58
2018-04-17,89.59,74.17,67.69,61.95
2018-04-18,92.41,77.09,69.56,63.24
2018-04-19,95.38,78.15,71.75,62.4
2018-04-20,99.21,80.33,71.82,62.82
2018-04-23,96.87,79.05,71.76,62.18
2018-04-24,100.81,81.13,72.97,63.92
2018-04-25,97.8,81.02,72.83,64.34
2018-04-26,90.71,75.83,69.5,62.62
2018-04-27,92.15,76.9,70.91,62.44
2018-04-30,94.3,78.93,71.75,63.39
2018-05-01,89.97,76.68,70.84,63.14
2018-05-02,93.79,78.85,71.9,62.79
2018-05-03,91.07,78.3,71.24,62.95
2018-05-04,88.12,75.72,69.84,62.47
2018-05-07,90.71,77.56,70.71,62.47
2018-05-08,89.5,76.68,70.02,63.12
2018-05-09,93.89,75.5,69.76,64.07
2018-05-10,93.02,74.87,69.05,63.19
2018-05-11,90.03,74.01,68.66,62.9
2018-05-14,92.62,75.87,68.87,63.47
2018-05-15,99.18,77.58,71.4,65.33
2018-05-16,94.79,77.14,71.51,65.08
2018-05-17,93.48,76.43,70.16,62.07
2018-05-18,94.76,77.87,71.2,62.03
2018-05-21,91.04,75.42,69.45,60.96
2018-05-22,90.47,76.19,69.31,61.57
2018-05-23,89.8,76.58,69.37,61.49
2018-05-24,90.64,75.52,70.5,61.44
2018-05-25,93.78,78.63,72.18,62.26
2018-05-29,108.67,87.22,76.78,63.48
2018-05-30,99.08,81.98,73.47,62.96
2018-05-31,100.63,82.92,73.9,63.74
2018-06-01,93.3,79.35,72.12,62.24
2018-06-04,90.83,75.37,69.82,62.14
2018-06-05,89.84,77.19,70.69,62.19
2018-06-06,88.12,74.01,69.37,62.15
2018-06-07,91.28,75.23,70.22,63.12
2018-06-08,93.49,76.43,71.38,63.57
2018-06-11,94.54,77.16,71.49,63.04
2018-06-12,95.71,78.61,73.04,64.57
2018-06-13,100.01,80.09,73.33,64.81
2018-06-14,98.21,77.77,73.39,63.95
2018-06-15,101.66,82.71,76.17,66.08
2018-06-18,99.87,83.43,76.23,67.0
2018-06-19,104.13,84.99,77.45,66.39
2018-06-20,98.51,80.55,75.75,64.48
2018-06-21,107.45,84.03,78.07,62.17
2018-06-22,102.49,84.73,77.21,63.86
2018-06-25,114.32,89.83,80.3,65.55
2018-06-26,107.52,87.92,79.84,64.73
2018-06-27,112.75,92.68,82.31,65.75
2018-06-28,108.88,89.47,80.83,66.46
2018-06-29,105.97,86.93,78.53,65.6
2018-07-02,104.8,88.98,79.71,65.6
2018-07-03,108.5,90.1,80.72,67.56
2018-07-05,103.22,87.92,79.65,67.87
2018-07-06,95.74,83.28,76.66,65.64
2018-07-09,94.16,81.49,74.52,65.14
2018-07-10,91.96,80.01,74.42,65.41
2018-07-11,104.5,82.33,75.54,66.76
2018-07-12,100.82,79.88,74.6,65.58
2018-07-13,99.81,78.27,73.99,64.97
2018-07-16,100.95,82.53,75.09,65.65
2018-07-17,98.56,81.54,75.45,65.92
2018-07-18,98.08,82.17,75.53,66.66
2018-07-19,100.58,80.76,75.31,61.59
2018-07-20,102.76,82.67,76.29,63.75
2018-07-23,102.04,83.08,76.1,64.17
2018-07-24,98.68,81.86,75.28,63.77
2018-07-25,94.2,79.3,72.91,62.07
2018-07-26,91.66,77.01,71.64,61.49
2018-07-27,97.15,79.33,73.39,61.93
2018-07-30,101.41,82.26,74.21,62.33
2018-07-31,94.13,78.84,72.31,61.28
2018-08-01,95.28,78.24,72.17,61.41
2018-08-02,91.66,77.55,71.32,60.76
2018-08-03,86.6,75.7,70.59,60.9
2018-08-06,84.66,73.96,69.37,60.94
2018-08-07,83.21,73.03,68.57,60.75
2018-08-08,84.42,72.71,68.87,61.49
2018-08-09,88.69,76.06,71.33,62.96
2018-08-10,99.07,81.07,75.53,66.32
2018-08-13,107.78,86.14,79.11,66.8
2018-08-14,100.34,82.28,76.96,66.74
2018-08-15,111.13,86.1,78.78,66.84
2018-08-16,103.49,81.74,76.52,66.16
2018-08-17,101.81,81.42,76.02,66.23
2018-08-20,100.77,80.85,75.12,65.92
2018-08-21,101.56,81.16,75.58,65.01
2018-08-22,95.72,80.21,75.47,64.85
2018-08-23,95.92,81.28,75.3,63.16
2018-08-24,93.95,80.47,75.07,63.08
2018-08-27,93.39,80.17,74.52,61.35
2018-08-28,92.31,80.61,74.72,61.53
2018-08-29,91.1,80.02,74.01,61.6
2018-08-30,95.11,81.42,75.3,62.77
2018-08-31,92.73,80.45,74.96,62.73
2018-09-04,95.23,82.81,75.54,63.21
2018-09-05,97.94,83.86,76.06,64.74
2018-09-06,101.36,86.31,77.35,64.36
2018-09-07,102.38,86.74,78.03,64.22
2018-09-10,100.38,83.87,76.65,64.14
2018-09-11,96.44,80.99,73.69,63.02
2018-09-12,97.24,80.26,73.66,62.76
2018-09-13,91.06,78.92,71.01,61.66
2018-09-14,88.07,77.09,70.59,62.21
2018-09-17,96.34,79.35,72.34,62.83
2018-09-18,92.49,77.78,71.82,62.3
2018-09-19,88.18,76.82,71.2,62.85
2018-09-20,87.31,76.95,71.16,59.88
2018-09-21,90.2,78.3,73.27,60.27
2018-09-24,91.51,79.92,73.42,60.76
2018-09-25,91.07,80.64,73.41,60.77
2018-09-26,91.56,79.8,74.08,61.13
2018-09-27,87.66,77.17,71.45,60.4
2018-09-28,87.31,76.85,71.59,60.07
2018-10-01,86.97,77.09,71.06,60.56
2018-10-02,88.12,77.02,71.25,60.54
2018-10-03,85.8,76.1,70.56,60.47
2018-10-04,99.44,83.07,74.73,61.9
2018-10-05,102.63,85.78,76.46,64.0
2018-10-08,102.74,85.82,75.82,64.02
2018-10-09,103.92,86.88,76.87,64.11
2018-10-10,135.61,103.76,88.62,71.76
2018-10-11,129.3,100.92,86.8,70.1
2018-10-12,124.81,96.19,83.54,66.89
2018-10-15,118.78,94.18,83.09,67.28
2018-10-16,111.78,89.0,79.71,65.03
2018-10-17,109.28,87.06,79.52,66.57
2018-10-18,116.82,94.58,83.49,63.75
2018-10-19,114.95,94.37,83.85,64.32
2018-10-22,112.15,91.61,80.83,63.47
2018-10-23,108.71,88.55,79.5,62.93
2018-10-24,118.58,95.58,84.88,65.63
2018-10-25,113.91,91.41,80.04,63.77
2018-10-26,110.49,89.2,79.19,62.1
2018-10-29,110.39,90.13,78.93,62.52
2018-10-30,106.08,86.71,77.47,61.22
2018-10-31,102.9,85.48,76.12,60.71
2018-11-01,99.57,82.44,74.2,60.41
2018-11-02,102.38,85.24,75.63,61.41
2018-11-05,101.83,83.99,74.72,61.35
2018-11-06,102.48,82.01,73.02,59.35
2018-11-07,95.75,79.01,70.16,58.26
2018-11-08,95.4,78.2,70.46,57.99
2018-11-09,100.55,81.57,72.2,59.22
2018-11-12,107.77,85.04,74.7,61.12
2018-11-13,105.32,83.78,74.68,61.34
2018-11-14,111.42,86.73,75.96,62.13
2018-11-15,107.38,85.42,75.84,63.24
2018-11-16,101.93,81.95,73.72,62.13
2018-11-19,107.13,85.28,76.46,64.19
2018-11-20,107.61,86.47,77.88,66.23
2018-11-21,100.27,82.53,74.98,63.99
2018-11-23,99.29,82.68,74.52,58.78
2018-11-26,92.17,78.2,70.69,55.96
2018-11-27,91.54,77.6,71.03,56.77
2018-11-28,93.55,78.43,71.73,57.13
2018-11-29,93.36,78.87,72.18,57.93
2018-11-30,93.59,77.46,71.32,57.55
2018-12-03,85.87,73.71,68.69,56.71
2018-12-04,96.57,79.79,72.99,59.36
2018-12-06,93.85,78.33,71.29,58.76
2018-12-07,96.49,79.62,72.23,59.74
2018-12-10,91.78,77.96,70.62,58.23
2018-12-11,89.77,76.8,70.01,58.38
2018-12-12,91.41,76.62,70.96,59.28
2018-12-13,93.0,77.13,70.73,59.87
2018-12-14,96.45,79.95,73.01,61.59
2018-12-17,101.55,83.42,75.43,63.39
2018-12-18,103.64,83.66,76.49,64.39
2018-12-19,105.05,86.06,77.87,63.98
2018-12-20,109.65,86.93,77.93,61.17
2018-12-21,106.61,84.24,74.84,57.94
2018-12-24,111.88,86.24,75.27,58.66
2018-12-26,97.32,75.94,68.07,55.75
2018-12-27,95.89,76.25,68.76,57.45
2018-12-28,91.24,73.27,66.13,55.77
2018-12-31,87.11,72.83,65.88,54.9
2019-01-02,81.66,69.7,63.73,54.25
2019-01-03,83.8,71.01,64.75,56.16
2019-01-04,84.44,71.47,65.26,55.64
2019-01-07,82.74,69.13,63.15,53.46
2019-01-08,82.41,68.94,62.62,52.83
2019-01-09,86.62,69.94,63.4,53.73
2019-01-10,86.35,70.19,64.08,54.63
2019-01-11,83.85,71.15,64.18,54.69
2019-01-14,83.01,69.01,63.35,53.85
2019-01-15,81.39,65.67,61.39,52.61
2019-01-16,83.34,69.73,62.22,53.49
2019-01-17,82.79,70.06,62.42,52.44
2019-01-18,82.49,69.95,64.2,51.29
2019-01-22,93.81,75.73,67.94,54.85
2019-01-23,88.45,73.1,64.83,52.69
2019-01-24,84.89,70.65,62.97,51.92
2019-01-25,83.38,69.95,62.85,52.01
2019-01-28,86.44,71.64,63.72,53.04
2019-01-29,86.84,70.82,63.13,52.83
2019-01-30,82.39,70.22,63.02,52.8
2019-01-31,79.24,70.2,61.25,51.95
2019-02-01,80.0,59.03,62.52,53.57
2019-02-04,77.36,72.88,62.17,53.84
2019-02-05,80.62,71.61,63.07,54.54
2019-02-06,84.99,67.73,61.71,54.19
2019-02-07,85.01,67.64,61.93,54.02
2019-02-08,82.7,66.83,61.59,53.4
2019-02-11,82.77,66.76,61.11,54.41
2019-02-12,81.63,65.51,59.96,54.41
2019-02-13,80.27,64.62,60.11,54.66
2019-02-14,81.64,65.04,61.09,51.29
2019-02-15,80.45,67.81,62.08,51.67
2019-02-19,78.64,66.43,61.92,51.31
2019-02-20,75.59,65.96,61.21,51.04
2019-02-21,76.64,66.35,61.72,51.04
2019-02-22,74.98,66.38,61.46,50.86
2019-02-25,79.35,67.95,62.48,51.19
2019-02-26,80.53,68.48,63.13,51.89
2019-02-27,80.37,69.79,64.23,52.53
2019-02-28,80.0,68.96,63.82,52.51
2019-03-01,79.27,67.68,62.46,53.26
2019-03-04,82.34,69.4,63.87,53.64
2019-03-05,82.46,69.33,63.98,53.4
2019-03-06,86.1,71.23,65.71,54.86
2019-03-07,88.7,73.27,67.27,55.94
2019-03-08,87.24,72.76,65.64,55.43
2019-03-11,81.23,69.59,64.13,54.13
2019-03-12,83.06,69.56,63.9,55.09
2019-03-13,82.76,68.04,63.8,54.61
2019-03-14,82.56,68.46,64.42,56.12
2019-03-15,82.94,69.42,65.32,56.09
2019-03-18,85.52,71.05,65.5,56.5
2019-03-19,87.36,71.17,65.89,56.14
2019-03-20,86.63,69.75,64.87,55.33
2019-03-21,83.89,67.67,63.0,50.79
2019-03-22,98.5,75.88,66.97,52.52
2019-03-25,97.2,75.71,66.71,53.29
2019-03-26,89.85,73.61,64.64,52.64
2019-03-27,91.34,73.4,65.02,53.5
2019-03-28,87.95,72.85,64.04,52.98
2019-03-29,85.82,71.01,62.38,53.03
2019-04-01,84.93,70.59,62.75,52.81
2019-04-02,83.28,69.33,62.62,52.92
2019-04-03,84.23,70.36,63.46,53.12
2019-04-04,82.15,69.71,63.12,54.1
2019-04-05,79.1,67.75,61.35,54.51
2019-04-08,81.86,68.73,62.73,54.07
2019-04-09,88.14,71.44,64.85,56.34
2019-04-10,89.49,70.04,64.06,55.86
2019-04-11,88.06,68.31,63.66,55.64
2019-04-12,84.98,69.21,63.88,55.92
2019-04-15,84.17,67.99,63.77,56.02
2019-04-16,83.58,66.43,63.02,56.5
2019-04-17,85.55,68.14,63.51,56.36
2019-04-18,84.41,67.97,64.51,53.14
2019-04-22,83.27,68.08,63.31,52.76
2019-04-23,81.43,67.92,62.06,52.24
2019-04-24,85.17,67.94,61.7,52.08
2019-04-25,86.94,69.16,62.44,52.49
2019-04-26,84.12,68.24,61.61,52.2
2019-04-29,86.08,68.33,61.73,53.0
2019-04-30,88.56,70.13,62.57,52.95
2019-05-01,95.75,73.15,64.27,54.4
2019-05-02,93.02,72.63,63.93,53.28
2019-05-03,86.23,69.93,61.93,52.3
2019-05-06,94.85,73.94,63.68,53.58
2019-05-07,111.54,84.32,70.28,57.44
2019-05-08,106.48,78.23,64.73,53.56
2019-05-09,102.92,75.94,63.96,52.77
2019-05-10,96.01,72.44,62.65,51.83
2019-05-13,105.6,79.72,66.95,55.03
2019-05-14,97.26,75.71,64.34,52.47
2019-05-15,94.53,74.02,64.05,52.34
2019-05-16,94.23,73.32,64.8,53.63
2019-05-17,99.12,76.71,66.77,54.78
2019-05-20,96.83,76.73,66.18,54.17
2019-05-21,92.38,76.45,65.81,54.51
2019-05-22,89.3,73.7,65.2,54.48
2019-05-23,94.98,77.98,68.18,51.29
2019-05-24,90.19,76.07,66.15,51.52
2019-05-28,95.08,78.01,68.45,52.62
2019-05-29,93.83,76.69,67.9,53.05
2019-05-30,92.78,76.51,67.37,53.2
2019-05-31,96.72,78.87,68.86,52.77
2019-06-03,96.03,78.25,68.16,53.28
2019-06-04,88.93,74.08,65.17,52.54
2019-06-05,86.72,72.84,65.06,52.77
2019-06-06,84.84,71.49,64.26,52.57
2019-06-07,86.0,71.4,64.38,53.38
2019-06-10,83.86,69.78,63.45,53.08
2019-06-11,84.95,70.9,63.98,53.61
2019-06-12,86.2,69.89,63.93,54.71
2019-06-13,84.73,70.13,63.75,53.58
2019-06-14,82.57,69.7,63.07,53.61
2019-06-17,83.48,69.86,62.92,54.42
2019-06-18,87.37,71.56,65.5,55.74
2019-06-19,84.58,68.97,63.87,54.81
2019-06-20,81.21,69.27,63.3,50.98
2019-06-21,83.14,70.66,63.54,51.85
2019-06-24,82.59,70.74,63.8,52.1
2019-06-25,85.16,71.24,63.68,52.09
2019-06-26,85.39,72.38,64.14,52.33
2019-06-27,86.52,71.35,63.21,52.01
2019-06-28,85.78,71.12,63.71,52.28
2019-07-01,79.58,66.5,60.34,51.67
2019-07-02,78.22,65.97,60.71,52.23
2019-07-03,80.04,68.96,62.1,51.98
2019-07-05,79.78,67.4,60.89,51.45
2019-07-08,83.66,68.76,61.91,52.91
2019-07-09,82.31,68.82,62.24,53.14
2019-07-10,85.97,68.2,61.91,53.31
2019-07-11,88.2,69.29,62.81,53.74
2019-07-12,86.14,68.38,63.37,54.5
2019-07-15,86.2,68.44,64.06,55.01
2019-07-16,88.25,69.46,65.07,55.94
2019-07-17,90.35,71.7,65.9,56.73
2019-07-18,84.04,69.34,64.34,52.26
2019-07-19,86.77,68.65,63.4,51.5
2019-07-22,81.22,67.47,63.29,52.2
2019-07-23,78.99,66.24,62.11,51.2
2019-07-24,83.89,68.12,63.93,52.89
2019-07-25,84.3,71.2,65.33,53.61
2019-07-26,83.11,70.76,65.18,53.89
2019-07-29,88.16,73.56,67.51,55.19
2019-07-30,91.58,76.02,68.97,55.51
2019-07-31,96.28,77.35,69.71,56.66
2019-08-01,105.47,80.67,71.76,57.54
2019-08-02,102.69,79.38,69.9,56.21
2019-08-05,114.4,86.79,74.2,58.2
2019-08-06,107.45,82.98,71.77,57.66
2019-08-07,104.27,81.3,70.38,57.24
2019-08-08,98.66,78.86,69.11,56.38
2019-08-09,101.52,81.0,70.07,56.99
2019-08-12,110.31,86.09,73.69,59.27
2019-08-13,102.21,82.47,71.29,58.93
2019-08-14,113.99,87.91,76.42,62.21
2019-08-15,112.26,88.72,76.98,63.24
2019-08-16,110.32,87.41,75.77,61.6
2019-08-19,101.22,83.23,72.91,60.81
2019-08-20,104.77,84.6,74.27,61.92
2019-08-21,98.03,81.71,72.81,61.32
2019-08-22,100.94,81.84,72.2,57.63
2019-08-23,111.37,87.77,76.13,60.0
2019-08-26,106.27,83.82,72.8,57.81
2019-08-27,106.49,84.85,74.13,59.83
2019-08-28,103.95,83.29,72.77,58.78
2019-08-29,99.8,81.75,72.29,59.11
2019-08-30,102.66,82.83,73.1,58.81
2019-09-03,102.19,81.99,72.51,59.89
2019-09-04,97.3,79.47,71.11,59.75
2019-09-05,95.51,78.74,70.54,58.93
2019-09-06,94.4,78.58,70.87,59.1
2019-09-09,94.5,78.2,70.5,58.9
2019-09-10,94.12,77.63,70.45,59.19
2019-09-11,97.79,77.14,70.02,58.95
2019-09-12,95.94,76.52,69.36,58.95
2019-09-13,98.93,76.87,71.9,60.55
2019-09-16,101.73,79.84,73.49,61.05
2019-09-17,101.67,79.41,72.5,60.64
2019-09-18,99.09,81.36,75.24,63.38
2019-09-19,97.3,79.9,74.26,59.55
2019-09-20,101.03,83.06,75.37,59.78
2019-09-23,97.6,82.74,74.89,60.39
2019-09-24,104.96,84.94,76.79,61.35
2019-09-25,99.68,82.18,74.07,59.18
2019-09-26,100.31,83.27,74.7,59.25
2019-09-27,103.2,84.74,75.51,60.9
2019-09-30,97.62,82.76,74.46,59.69
2019-10-01,102.74,84.54,75.23,60.19
2019-10-02,103.81,86.1,75.96,61.72
2019-10-03,98.2,83.38,74.79,60.31
2019-10-04,95.19,82.69,74.03,60.15
2019-10-07,97.04,84.21,74.91,60.88
2019-10-08,102.27,87.25,76.69,62.32
2019-10-09,101.25,83.6,74.41,60.67
2019-10-10,99.66,82.44,72.87,60.75
2019-10-11,97.7,81.11,72.2,60.21
2019-10-14,94.43,79.57,70.51,59.53
2019-10-15,93.98,78.42,69.55,59.42
2019-10-16,93.16,78.05,69.13,60.13
2019-10-17,90.27,77.67,69.34,57.43
2019-10-18,91.2,78.98,69.33,57.5
2019-10-21,87.29,76.64,68.38,57.38
2019-10-22,89.32,76.98,68.3,57.02
2019-10-23,87.59,75.64,67.97,56.47
2019-10-24,86.55,74.86,66.95,56.64
2019-10-25,83.82,74.01,66.97,58.18
2019-10-28,86.48,75.18,67.41,57.97
2019-10-29,87.75,75.66,68.46,59.11
2019-10-30,86.47,75.17,68.3,59.19
2019-10-31,88.92,75.53,67.97,59.08
2019-11-01,85.69,73.82,67.64,58.41
2019-11-04,88.75,74.27,67.74,59.06
2019-11-05,90.98,76.46,69.04,59.81
2019-11-06,89.59,77.07,69.56,60.26
2019-11-07,90.15,76.45,69.86,60.24
2019-11-08,89.06,76.18,68.96,60.37
2019-11-11,89.56,76.4,68.88,60.94
2019-11-12,90.35,76.06,69.69,61.33
2019-11-13,93.5,75.84,68.72,61.09
2019-11-14,93.45,75.4,68.31,60.62
2019-11-15,93.35,73.64,68.54,60.68
2019-11-18,93.99,75.94,69.0,62.51
2019-11-19,95.95,76.95,69.09,62.14
2019-11-20,95.36,78.59,70.23,62.4
2019-11-21,96.09,76.98,70.17,58.95
2019-11-22,94.4,77.09,70.29,58.85
2019-11-25,90.24,75.54,68.99,58.81
2019-11-26,89.88,74.37,69.03,58.69
2019-11-27,90.2,76.17,69.49,59.79
2019-11-29,91.05,76.48,70.56,59.22
2019-12-02,98.91,79.46,71.61,59.48
2019-12-03,102.65,81.16,72.05,58.64
2019-12-04,98.72,78.3,70.72,58.7
2019-12-05,98.12,79.3,71.0,58.76
2019-12-06,96.52,77.47,69.9,58.75
2019-12-09,101.89,80.64,71.4,58.7
2019-12-10,101.03,81.02,71.76,59.25
2019-12-11,104.82,80.31,71.4,59.98
2019-12-12,101.3,78.09,70.06,58.73
2019-12-13,96.61,75.44,68.35,58.44
2019-12-16,94.21,75.53,68.06,59.0
2019-12-17,98.56,75.19,69.14,58.97
2019-12-18,99.2,76.27,69.5,58.8
2019-12-19,97.25,75.38,69.16,56.55
2019-12-20,99.29,76.85,70.08,56.71
2019-12-23,99.82,77.61,70.59,56.69
2019-12-24,98.83,78.26,70.92,56.18
2019-12-26,97.46,77.33,70.0,56.72
2019-12-27,99.63,77.54,69.23,56.46
2019-12-30,100.02,78.55,69.63,57.0
2019-12-31,94.1,76.93,68.73,56.38
2020-01-02,89.67,73.66,66.52,55.61
2020-01-03,93.79,75.14,66.96,56.33
2020-01-06,92.66,75.34,66.63,55.35
2020-01-07,91.07,74.81,66.5,55.8
2020-01-08,90.21,73.25,65.68,55.49
2020-01-09,87.81,71.77,64.86,53.1
2020-01-10,88.33,72.76,65.25,52.88
2020-01-13,88.48,72.59,65.62,53.27
2020-01-14,86.87,71.61,64.98,53.03
2020-01-15,91.15,73.11,65.68,52.61
2020-01-16,90.38,74.65,64.32,53.29
2020-01-17,91.75,74.32,64.5,53.08
2020-01-21,92.98,73.15,65.0,52.86
2020-01-22,91.11,73.95,65.63,53.24
2020-01-23,92.54,74.09,65.19,52.35
2020-01-24,98.43,76.31,65.98,52.04
2020-01-27,107.39,81.48,68.72,53.51
2020-01-28,102.11,79.39,66.49,51.91
2020-01-29,99.07,78.64,66.47,52.31
2020-01-30,96.49,77.42,65.83,51.88
2020-01-31,105.6,82.01,68.86,54.12
2020-02-03,102.95,81.54,69.4,53.6
2020-02-04,96.18,78.09,67.16,52.79
2020-02-05,92.82,76.75,66.7,52.8
2020-02-06,93.61,77.7,67.05,53.46
2020-02-07,96.01,79.17,68.33,53.86
2020-02-10,96.81,79.7,67.9,54.03
2020-02-11,96.96,79.35,68.74,54.33
2020-02-12,96.65,77.67,67.44,53.79
2020-02-13,99.17,78.93,67.73,53.93
2020-02-14,98.17,77.62,67.62,53.65
2020-02-18,101.02,79.91,68.43,53.91
2020-02-19,95.92,77.21,68.33,53.49
2020-02-20,99.48,78.84,68.45,53.51
2020-02-21,104.86,81.44,69.77,54.18
2020-02-24,112.72,85.15,71.43,54.81
2020-02-25,121.01,90.06,75.18,55.57
2020-02-26,113.44,85.16,71.75,54.52
2020-02-27,118.0,85.73,71.76,53.55
2020-02-28,125.73,91.19,74.96,55.21
2020-03-02,114.69,82.22,69.02,52.46
2020-03-03,116.72,81.18,65.75,51.2
2020-03-04,113.97,83.37,68.78,52.5
2020-03-05,119.66,89.07,73.14,53.62
2020-03-06,127.16,93.9,77.71,56.97
2020-03-09,137.19,99.94,83.19,61.21
2020-03-10,138.82,103.02,84.81,61.01
2020-03-11,146.93,106.13,88.81,62.73
2020-03-12,155.05,108.82,99.72,70.21
2020-03-13,171.28,135.92,107.35,72.36
2020-03-16,207.59,154.53,136.73,86.13
2020-03-17,194.43,156.92,133.45,88.46
2020-03-18,181.33,151.26,132.92,92.21
2020-03-19,181.76,145.06,125.44,95.5
2020-03-20,187.18,150.82,129.65,96.65
2020-03-23,167.93,133.73,115.86,85.18
2020-03-24,171.91,135.6,113.78,80.8
2020-03-25,171.89,134.42,111.79,81.5
2020-03-26,169.58,132.13,110.47,81.75
2020-03-27,168.71,133.28,110.53,82.28
2020-03-30,157.66,129.29,107.88,79.14
2020-03-31,152.92,126.89,106.84,78.49
2020-04-01,156.99,132.01,111.04,81.52
2020-04-02,147.33,126.92,108.0,80.04
2020-04-03,143.52,125.07,107.18,79.91
2020-04-06,143.3,121.09,103.97,78.99
2020-04-07,134.45,116.04,101.91,79.04
2020-04-08,141.37,112.63,99.87,77.58
2020-04-09,137.75,111.36,100.07,77.89
2020-04-13,138.68,113.24,101.71,78.26
2020-04-14,131.78,110.06,99.9,77.44
2020-04-15,135.93,113.4,101.98,77.03
2020-04-16,129.55,108.45,96.67,74.11
2020-04-17,127.15,103.56,91.21,70.78
2020-04-20,132.04,106.82,94.24,70.77
2020-04-21,132.22,110.86,97.86,72.12
2020-04-22,124.1,105.97,94.08,70.12
2020-04-23,121.86,105.59,93.89,69.86
2020-04-24,119.88,104.56,94.48,70.19
2020-04-27,120.56,103.6,93.23,70.3
2020-04-28,117.79,103.21,93.67,71.11
2020-04-29,115.98,101.46,92.3,69.81
2020-04-30,118.53,102.44,92.42,69.92
2020-05-01,122.15,103.81,93.66,71.77
2020-05-04,121.25,104.27,93.76,71.89
2020-05-05,118.87,103.13,92.98,72.2
2020-05-06,119.16,103.08,92.99,72.33
2020-05-07,115.83,101.82,91.38,71.32
2020-05-08,115.65,100.69,91.18,70.76
2020-05-11,118.71,103.04,92.18,72.52
2020-05-12,130.75,109.57,96.73,74.85
2020-05-13,142.75,113.54,98.39,75.93
2020-05-14,137.05,106.06,96.62,74.04
2020-05-15,133.02,108.58,96.02,73.44
2020-05-18,125.9,103.01,92.26,71.46
2020-05-19,125.6,103.68,92.13,72.38
2020-05-20,120.04,102.37,90.28,71.41
2020-05-21,122.08,104.32,91.33,72.44
2020-05-22,118.38,102.91,91.19,72.42
2020-05-26,113.59,100.97,88.93,71.9
2020-05-27,109.82,98.99,88.02,71.29
2020-05-28,108.99,98.85,87.95,71.43
2020-05-29,105.6,95.98,86.64,70.9
2020-06-01,106.47,95.98,86.44,71.24
2020-06-02,104.83,95.71,86.01,71.29
2020-06-03,106.85,96.18,86.58,71.35
2020-06-04,109.88,98.15,87.58,72.43
2020-06-05,107.59,96.2,86.45,71.12
2020-06-08,110.05,98.38,87.89,72.46
2020-06-09,111.0,100.03,88.95,73.25
2020-06-10,116.53,98.31,88.43,72.69
2020-06-11,146.84,113.65,98.29,77.71
2020-06-12,151.6,118.3,100.02,76.41
2020-06-15,141.83,110.84,95.14,74.2
2020-06-16,143.24,110.3,94.68,75.18
2020-06-17,139.94,108.74,94.12,75.69
2020-06-18,135.29,107.72,94.44,71.0
2020-06-19,138.35,110.54,96.59,73.99
2020-06-22,133.98,109.15,95.38,74.01
2020-06-23,130.73,107.74,93.24,74.08
2020-06-24,136.89,111.53,95.77,76.3
2020-06-25,127.2,107.07,93.14,74.05
2020-06-26,128.63,107.46,93.65,75.29
2020-06-29,121.32,104.93,91.34,74.51
2020-06-30,120.76,105.67,92.31,75.39
2020-07-01,120.83,105.92,93.66,76.41
2020-07-02,115.47,102.23,90.92,75.56
2020-07-06,116.57,103.08,90.58,76.47
2020-07-07,118.12,103.07,90.83,77.38
2020-07-08,113.34,100.91,89.05,76.61
2020-07-09,115.11,102.37,90.31,77.29
2020-07-10,109.71,99.39,88.1,77.02
2020-07-13,123.3,105.93,93.39,80.61
2020-07-14,112.75,100.85,89.57,78.5
2020-07-15,113.71,100.12,89.12,79.28
2020-07-16,115.62,101.07,91.06,80.31
2020-07-17,117.97,103.67,92.69,82.77
2020-07-20,112.51,99.4,90.65,82.35
2020-07-21,115.46,98.16,90.04,84.1
2020-07-22,112.84,98.07,90.7,82.92
2020-07-23,116.7,99.06,90.12,76.23
2020-07-24,117.22,99.21,90.66,76.96
2020-07-27,112.71,97.49,90.28,76.54
2020-07-28,113.88,98.31,91.32,77.7
2020-07-29,110.95,96.82,90.67,77.85
2020-07-30,112.16,98.16,91.92,78.38
2020-07-31,112.04,99.02,92.84,79.22
2020-08-03,111.02,97.6,92.6,78.68
2020-08-04,109.0,96.31,92.37,79.59
2020-08-05,105.67,93.56,91.35,79.23
2020-08-06,105.84,93.18,91.31,79.95
2020-08-07,108.18,94.65,93.15,80.66
2020-08-10,111.13,94.93,93.78,80.14
2020-08-11,118.34,98.8,96.57,81.62
2020-08-12,115.73,95.23,93.48,79.54
2020-08-13,115.18,93.34,94.24,80.83
2020-08-14,114.35,95.02,94.39,80.06
2020-08-17,110.35,92.97,93.87,80.49
2020-08-18,112.59,94.58,95.72,80.95
2020-08-19,114.72,95.47,94.6,81.47
2020-08-20,112.99,94.07,94.06,75.24
2020-08-21,111.25,91.39,92.28,75.1
2020-08-24,108.25,91.61,90.57,74.92
2020-08-25,103.88,89.76,87.93,73.39
2020-08-26,105.8,91.99,87.87,72.59
2020-08-27,114.74,97.49,92.26,73.6
2020-08-28,111.56,96.71,89.92,73.04
2020-08-31,119.01,101.09,91.02,73.59
2020-09-01,120.1,104.62,93.84,74.38
2020-09-02,122.01,108.22,95.88,75.06
2020-09-03,132.91,113.07,98.36,76.1
2020-09-04,122.14,108.97,95.79,75.21
2020-09-08,123.56,109.07,94.41,75.68
2020-09-09,121.54,101.98,91.98,74.58
2020-09-10,120.58,102.82,92.11,74.58
2020-09-11,113.95,99.25,91.01,73.76
2020-09-14,111.27,101.01,93.0,75.71
2020-09-15,108.97,100.47,92.59,75.27
2020-09-16,103.48,98.2,91.97,76.0
2020-09-17,100.37,98.89,92.94,71.82
2020-09-18,101.19,97.76,92.44,71.51
2020-09-21,108.74,101.31,93.97,73.04
2020-09-22,104.69,100.46,92.62,74.14
2020-09-23,107.35,103.73,94.42,74.99
2020-09-24,102.26,103.39,92.9,74.32
2020-09-25,99.64,103.03,93.06,74.54
2020-09-28,101.85,102.23,92.6,73.96
2020-09-29,96.93,99.55,90.01,73.35
2020-09-30,101.58,101.34,90.73,72.89
2020-10-01,101.0,100.65,91.12,73.06
2020-10-02,102.72,102.66,92.2,74.17
2020-10-05,103.22,103.75,91.91,74.67
2020-10-06,106.14,106.56,93.61,74.86
2020-10-07,104.19,103.84,91.59,74.11
2020-10-08,104.8,102.91,90.81,73.73
2020-10-09,109.22,104.11,91.06,74.36
2020-10-12,109.68,102.34,88.8,73.69
2020-10-13,110.97,103.36,89.36,73.93
2020-10-14,116.93,102.17,88.2,73.91
2020-10-15,117.59,102.5,88.92,74.69
2020-10-16,115.92,104.04,89.98,75.69
2020-10-19,119.76,106.6,91.61,77.12
2020-10-20,119.59,104.4,89.78,77.28
2020-10-21,117.47,103.45,90.61,77.4
2020-10-22,118.6,103.81,90.25,71.86
2020-10-23,118.94,103.76,90.3,71.57
2020-10-26,133.08,113.03,95.07,75.51
2020-10-27,135.32,113.89,96.4,76.46
2020-10-28,152.01,124.3,103.66,79.71
2020-10-29,147.84,119.72,99.43,77.87
2020-10-30,145.24,117.17,97.56,76.34
2020-11-02,142.65,116.1,96.5,76.15
2020-11-03,136.28,111.61,93.67,74.94
2020-11-04,122.12,100.95,87.48,71.78
2020-11-05,117.68,100.95,88.3,72.66
2020-11-06,112.92,98.6,87.46,72.1
2020-11-09,116.78,99.66,87.34,72.54
2020-11-10,116.05,99.17,88.25,73.69
2020-11-11,118.32,99.33,90.0,75.57
2020-11-12,121.57,98.27,92.46,77.8
2020-11-13,114.39,98.77,90.52,76.89
2020-11-16,115.0,99.76,90.95,77.2
2020-11-17,116.25,98.64,90.98,76.67
2020-11-18,117.9,102.9,91.4,77.2
2020-11-19,114.15,99.71,89.88,72.3
2020-11-20,113.99,101.19,90.88,73.69
2020-11-23,109.85,98.37,89.82,73.34
2020-11-24,104.56,97.98,88.89,72.51
2020-11-25,103.46,95.45,88.72,72.85
2020-11-27,106.12,96.54,89.45,74.05
2020-11-30,106.12,97.19,89.46,74.86
2020-12-01,108.43,99.1,91.1,76.05
2020-12-02,107.52,97.39,89.78,74.9
2020-12-03,107.89,98.62,90.22,74.61
2020-12-04,103.72,95.99,88.33,73.85
2020-12-07,104.42,95.02,87.98,73.93
2020-12-08,102.82,94.4,87.1,73.45
2020-12-09,113.93,96.78,88.37,75.09
2020-12-10,114.66,96.36,88.58,75.16
2020-12-11,120.77,100.22,90.6,76.33
2020-12-14,127.68,105.47,95.53,79.68
2020-12-15,119.11,99.7,91.36,76.93
2020-12-16,111.85,95.91,88.45,76.14
2020-12-17,110.21,95.14,88.17,71.58
2020-12-18,110.3,95.43,87.94,71.77
2020-12-21,121.61,98.67,90.44,73.74
2020-12-22,120.57,98.86,91.03,74.94
2020-12-23,118.31,99.08,90.84,75.37
2020-12-24,115.26,97.67,89.18,73.9
2020-12-28,114.4,98.71,89.4,74.47
2020-12-29,116.27,99.3,89.72,74.47
2020-12-30,112.04,97.07,88.04,74.05
2020-12-31,111.86,96.92,87.17,72.95
2021-01-04,124.65,104.19,91.88,75.92
2021-01-05,120.07,102.05,90.48,74.66
2021-01-06,119.9,102.54,91.38,75.99
2021-01-07,109.38,98.0,88.06,75.3
2021-01-08,111.0,98.5,88.2,75.29
2021-01-11,118.8,103.7,91.52,77.11
2021-01-12,115.79,101.25,90.65,76.77
2021-01-13,117.76,100.8,90.66,77.27
2021-01-14,122.78,104.31,92.13,77.96
2021-01-15,124.25,104.7,92.13,78.65
2021-01-19,120.71,101.96,90.88,78.37
2021-01-20,114.17,98.08,88.7,77.45
2021-01-21,112.59,98.41,88.42,72.39
2021-01-22,111.79,97.89,88.06,71.55
2021-01-25,116.63,100.86,90.16,74.32
2021-01-26,115.31,100.47,90.36,74.06
2021-01-27,157.69,117.69,105.9,72.71
2021-01-28,133.22,111.01,96.73,77.71
2021-01-29,137.33,113.08,97.04,77.23
2021-02-01,129.44,109.57,95.27,75.16
2021-02-02,119.1,101.54,90.36,72.55
2021-02-03,111.03,97.22,87.37,71.94
2021-02-04,108.47,94.72,86.9,70.93
2021-02-05,107.64,95.38,87.42,71.27
2021-02-08,106.61,93.81,86.53,71.11
2021-02-09,108.14,94.39,86.85,71.65
2021-02-10,114.93,96.66,88.56,73.02
2021-02-11,116.22,96.33,88.57,73.48
2021-02-12,118.59,94.14,89.65,74.77
2021-02-16,124.66,100.63,93.15,76.48
2021-02-17,122.83,101.14,93.96,77.13
2021-02-18,121.05,100.97,92.85,71.71
2021-02-19,117.45,99.05,92.23,71.84
2021-02-22,117.06,100.28,91.28,71.53
2021-02-23,112.78,96.99,89.0,70.51
2021-02-24,109.6,95.01,87.87,69.32
2021-02-25,127.83,107.03,93.41,72.19
2021-02-26,124.96,105.35,93.25,72.4
2021-03-01,114.94,100.43,88.64,70.83
2021-03-02,114.92,99.8,88.48,71.52
2021-03-03,121.23,103.41,90.88,72.87
2021-03-04,124.62,105.34,92.04,73.22
2021-03-05,116.21,99.15,87.25,70.79
2021-03-08,114.62,97.24,86.27,70.96
2021-03-09,108.71,93.93,84.58,70.56
2021-03-10,114.68,92.75,85.21,71.55
2021-03-11,112.87,90.62,84.21,70.93
2021-03-12,111.73,90.42,83.71,70.88
2021-03-15,110.49,89.39,82.2,71.02
2021-03-16,113.73,89.43,84.66,70.84
2021-03-17,109.9,86.96,82.12,71.11
2021-03-18,117.8,91.95,84.59,67.12
2021-03-19,115.95,91.45,83.98,66.88
2021-03-22,108.63,88.73,82.93,67.75
2021-03-23,111.69,91.46,84.79,68.37
2021-03-24,110.67,91.86,83.95,69.2
2021-03-25,104.75,88.36,81.95,68.11
2021-03-26,103.26,87.51,81.89,68.4
2021-03-29,105.84,89.28,82.37,69.03
2021-03-30,101.9,86.37,80.6,68.28
2021-03-31,100.04,85.73,79.98,68.4
2021-04-01,98.97,83.6,78.54,67.78
2021-04-05,99.24,85.61,79.96,69.34
2021-04-06,99.06,85.75,80.11,68.91
2021-04-07,97.09,83.64,78.91,68.5
2021-04-08,100.72,86.75,81.29,69.82
2021-04-09,102.06,89.21,82.32,70.22
2021-04-12,102.08,88.57,82.72,70.67
2021-04-13,100.44,89.0,83.94,72.5
2021-04-14,107.47,92.09,85.48,73.15
2021-04-15,108.66,92.09,86.66,74.8
2021-04-16,107.8,92.24,86.58,74.19
2021-04-19,111.9,93.52,86.83,75.79
2021-04-20,116.37,94.67,87.26,76.61
2021-04-21,112.9,92.99,86.51,76.39
2021-04-22,116.05,96.99,88.7,70.95
2021-04-23,108.36,93.87,86.31,69.37
2021-04-26,104.01,91.16,84.59,68.28
2021-04-27,103.39,90.75,84.97,69.18
2021-04-28,104.78,91.64,85.47,70.08
2021-04-29,105.46,91.13,85.88,69.74
2021-04-30,109.22,93.94,87.15,70.89
2021-05-03,108.32,94.44,87.55,69.79
2021-05-04,111.22,95.47,87.34,69.79
2021-05-05,109.51,94.6,87.28,69.45
2021-05-06,108.39,93.79,86.69,68.65
2021-05-07,107.03,94.05,87.37,69.16
2021-05-10,114.1,97.8,89.56,70.86
2021-05-11,122.47,101.59,91.78,70.73
2021-05-12,146.28,112.53,97.6,72.38
2021-05-13,130.01,97.74,90.92,70.08
2021-05-14,117.56,90.31,87.42,68.07
2021-05-17,120.7,98.12,89.82,69.17
2021-05-18,123.93,100.51,92.03,70.33
2021-05-19,130.17,104.32,94.48,70.4
2021-05-20,126.34,101.08,91.69,70.94
2021-05-21,124.22,101.09,91.69,71.1
2021-05-24,116.12,97.24,88.83,70.11
2021-05-25,113.55,96.65,88.81,69.9
2021-05-26,106.29,94.6,87.42,68.89
2021-05-27,103.88,92.54,86.63,68.97
2021-05-28,105.41,94.88,87.24,69.42
2021-06-01,113.04,100.93,91.75,71.46
2021-06-02,112.57,100.05,91.1,70.86
2021-06-03,114.31,100.37,91.29,70.58
2021-06-04,108.16,96.09,88.77,69.61
2021-06-07,108.03,94.93,88.24,69.32
2021-06-08,109.62,95.83,88.84,69.43
2021-06-09,120.97,97.79,89.61,69.16
2021-06-10,116.76,93.52,87.02,67.24
2021-06-11,116.12,92.96,87.44,68.34
2021-06-14,119.8,95.97,89.56,68.8
2021-06-15,122.9,97.24,91.35,69.01
2021-06-16,121.57,98.66,91.93,69.89
2021-06-17,120.63,98.98,91.25,69.18
2021-06-18,128.83,103.35,94.13,70.66
2021-06-21,121.25,99.16,91.52,69.82
2021-06-22,114.01,96.22,89.88,69.79
2021-06-23,110.48,93.77,87.75,68.59
2021-06-24,107.87,93.33,86.82,67.74
2021-06-25,105.91,93.58,86.41,68.08
2021-06-28,106.32,94.19,86.46,68.15
2021-06-29,107.01,95.08,86.51,68.05
2021-06-30,106.73,94.51,86.51,67.78
2021-07-01,108.72,95.06,87.03,68.06
2021-07-02,106.11,93.45,86.77,68.41
2021-07-06,112.24,97.45,88.53,68.05
2021-07-07,112.7,98.54,88.29,68.89
2021-07-08,120.03,101.5,89.81,68.81
2021-07-09,112.62,96.63,87.52,67.48
2021-07-12,111.59,96.86,87.54,67.15
2021-07-13,116.4,99.91,89.0,67.53
2021-07-14,117.66,98.3,87.84,67.66
2021-07-15,121.03,99.54,89.39,68.16
2021-07-16,128.89,104.98,92.34,69.52
2021-07-19,139.54,109.76,95.0,71.7
2021-07-20,131.3,103.69,91.13,69.03
2021-07-21,122.53,99.49,88.92,68.08
2021-07-22,118.82,98.71,88.57,68.33
2021-07-23,114.92,96.97,87.42,68.6
2021-07-26,114.86,97.53,88.1,69.44
2021-07-27,121.11,103.2,91.99,70.5
2021-07-28,117.08,101.24,90.76,70.45
2021-07-29,114.04,99.27,89.87,69.43
2021-07-30,116.18,100.85,90.2,70.59
2021-08-02,122.85,104.87,93.51,72.38
2021-08-03,117.55,102.75,91.63,71.35
2021-08-04,116.21,101.85,91.65,71.26
2021-08-05,113.35,100.01,90.87,70.84
2021-08-06,112.0,98.77,90.09,70.88
2021-08-09,115.09,99.77,91.17,71.32
2021-08-10,114.15,98.77,89.67,70.67
2021-08-11,118.05,97.49,89.11,70.0
2021-08-12,117.72,97.2,89.15,70.38
2021-08-13,117.81,99.91,90.2,70.92
2021-08-16,117.69,99.05,88.87,70.86
2021-08-17,120.53,100.4,90.68,73.99
2021-08-18,128.41,102.28,92.8,72.23
2021-08-19,130.41,105.72,93.98,72.64
2021-08-20,120.51,103.09,92.74,76.3
2021-08-23,113.33,100.26,90.72,64.94
2021-08-24,111.09,99.51,90.69,67.81
2021-08-25,108.84,98.23,89.95,106.41
2021-08-26,116.6,102.67,93.27,97.99
2021-08-27,109.62,99.16,90.92,83.84
2021-08-30,107.9,98.54,90.48,62.04
2021-08-31,105.81,97.79,90.18,82.99
2021-09-01,105.2,97.28,91.23,60.06
2021-09-02,105.7,97.47,91.53,87.68
2021-09-03,105.48,97.65,91.73,82.75
2021-09-07,111.01,100.41,93.64,53.98
2021-09-08,115.06,100.75,93.87,145.18
2021-09-09,117.03,100.06,93.05,117.5
2021-09-10,124.98,104.16,95.27,75.26
2021-09-13,118.01,102.95,94.13,75.72
2021-09-14,120.37,101.85,94.96,76.02
2021-09-15,112.48,98.21,92.73,74.55
2021-09-16,112.11,98.17,92.99,74.36
2021-09-17,118.9,101.45,94.1,74.64
2021-09-20,138.93,110.95,100.01,76.39
2021-09-21,130.76,107.67,97.54,75.15
2021-09-22,117.62,102.31,95.36,75.06
2021-09-23,108.31,98.07,92.09,72.98
2021-09-24,103.07,94.9,90.23,73.05
2021-09-27,107.73,96.29,91.09,73.73
2021-09-28,121.06,103.44,94.92,75.33
2021-09-29,119.04,102.26,93.12,73.89
2021-09-30,118.01,101.29,92.51,74.2
2021-10-01,113.14,99.34,90.93,73.15
2021-10-04,117.17,102.7,93.22,73.68
2021-10-05,110.75,98.09,89.72,72.05
2021-10-06,110.92,97.73,88.93,72.11
2021-10-07,107.43,95.83,88.59,71.19
2021-10-08,107.27,93.77,87.17,70.31
2021-10-11,110.29,93.96,86.88,70.0
2021-10-12,109.12,92.36,85.59,69.42
2021-10-13,108.72,90.14,83.65,68.49
2021-10-14,107.97,87.91,84.24,68.93
2021-10-15,106.76,92.54,84.75,69.24
2021-10-18,104.37,91.1,85.99,69.08
2021-10-19,103.06,89.64,84.23,69.78
2021-10-20,101.84,89.86,83.74,69.16
2021-10-21,102.14,88.32,84.46,68.56
2021-10-22,106.08,91.48,85.8,69.03
2021-10-25,102.36,89.44,84.26,67.69
2021-10-26,103.25,91.91,85.49,68.06
2021-10-27,109.61,94.12,85.64,68.13
2021-10-28,106.28,92.43,85.29,67.68
2021-10-29,105.17,92.77,85.5,67.81
2021-11-01,106.66,95.18,86.87,68.91
2021-11-02,105.44,94.47,86.63,68.88
2021-11-03,102.25,93.64,86.61,68.89
2021-11-04,104.46,94.67,87.05,68.96
2021-11-05,110.21,97.53,88.43,69.14
2021-11-08,111.49,97.63,88.29,69.01
2021-11-09,110.55,96.21,87.28,68.79
2021-11-10,117.19,96.76,87.99,68.71
2021-11-11,114.66,95.0,87.43,68.35
2021-11-12,112.11,94.71,87.05,68.68
2021-11-15,110.66,95.43,87.96,68.77
2021-11-16,109.58,93.17,86.13,67.64
2021-11-17,111.53,97.13,89.16,68.79
2021-11-18,112.15,96.54,88.41,68.57
2021-11-19,113.74,98.33,88.9,68.7
2021-11-22,118.62,100.18,90.14,70.35
2021-11-23,115.03,99.69,90.44,70.09
2021-11-24,110.48,98.47,89.78,70.4
2021-11-26,149.74,118.5,101.97,76.79
2021-11-29,131.24,107.78,96.01,73.56
2021-11-30,142.55,115.0,100.3,73.8
2021-12-01,155.02,123.16,106.2,77.23
2021-12-02,147.31,119.65,103.42,74.97
2021-12-03,156.1,128.26,110.09,80.09
2021-12-06,138.88,118.73,104.42,76.97
2021-12-07,117.92,103.35,95.01,74.17
2021-12-08,114.29,100.5,92.14,74.14
2021-12-09,121.79,104.3,94.96,75.49
2021-12-10,113.85,100.41,93.08,73.98
2021-12-13,121.07,102.94,94.85,74.79
2021-12-14,126.57,108.1,97.25,75.58
2021-12-15,118.61,101.25,93.3,74.73
2021-12-16,128.97,107.49,97.32,76.86
2021-12-17,136.06,110.61,99.25,77.49
2021-12-20,138.67,116.22,102.52,78.69
2021-12-21,131.41,110.55,100.2,77.76
2021-12-22,122.7,105.62,96.03,75.85
2021-12-23,120.46,104.56,95.58,75.9
2021-12-27,115.92,101.78,93.25,74.66
2021-12-28,114.83,102.11,93.48,74.82
2021-12-29,109.5,98.61,91.27,74.31
2021-12-30,110.84,98.39,89.77,73.69
2021-12-31,109.67,95.91,87.46,72.74
2022-01-03,108.45,95.75,87.65,71.91
2022-01-04,109.31,94.68,86.89,71.05
2022-01-05,119.31,100.82,89.83,72.22
2022-01-06,117.82,100.98,89.52,71.47
2022-01-07,113.86,97.54,87.23,69.89
2022-01-10,113.02,97.19,87.52,70.0
2022-01-11,111.61,95.16,85.81,69.67
2022-01-12,113.94,93.05,84.7,68.7
2022-01-13,123.44,102.08,88.3,69.96
2022-01-14,117.57,96.93,87.48,69.43
2022-01-18,127.95,103.48,92.74,72.19
2022-01-19,129.85,104.39,94.14,71.4
2022-01-20,135.6,110.15,96.96,73.52
2022-01-21,149.5,119.12,100.88,74.52
2022-01-24,154.38,124.29,104.33,73.86
2022-01-25,150.8,120.16,102.33,73.94
2022-01-26,148.55,119.21,101.09,73.26
2022-01-27,141.14,113.87,97.74,72.07
2022-01-28,132.44,110.3,95.83,70.85
2022-01-31,125.06,104.39,92.27,69.45
2022-02-01,117.99,99.13,88.87,68.24
2022-02-02,119.61,100.11,89.48,68.07
2022-02-03,125.11,104.59,92.1,69.55
2022-02-04,124.89,105.45,92.51,69.54
2022-02-07,124.13,104.66,92.68,70.1
2022-02-08,118.86,100.75,90.9,69.71
2022-02-09,119.32,97.79,88.63,68.4
2022-02-10,129.1,99.78,93.42,71.07
2022-02-11,141.17,106.32,98.71,72.91
2022-02-14,140.59,116.58,99.62,72.62
2022-02-15,129.05,104.49,94.79,71.29
2022-02-16,122.58,101.08,91.92,70.97
2022-02-17,134.49,110.11,97.2,72.12
2022-02-18,133.64,111.48,97.16,72.61
2022-02-22,130.69,110.14,96.22,72.91
2022-02-23,131.24,114.2,99.14,73.5
2022-02-24,128.5,112.19,97.97,72.38
2022-02-25,117.76,104.8,93.83,70.67
2022-02-28,123.64,108.15,94.31,71.45
2022-03-01,132.8,114.01,98.52,73.3
2022-03-02,124.92,108.6,94.69,70.53
2022-03-03,122.36,106.38,93.12,70.47
2022-03-04,127.85,111.24,96.18,72.07
2022-03-07,133.66,114.9,99.19,72.47
2022-03-08,139.71,113.42,97.75,72.97
2022-03-09,130.86,107.83,95.36,71.55
2022-03-10,125.47,102.26,92.14,70.57
2022-03-11,125.58,105.13,94.53,72.53
2022-03-14,126.26,104.54,94.15,72.2
2022-03-15,122.18,104.62,94.52,72.89
2022-03-16,115.1,100.45,92.28,72.65
2022-03-17,109.25,97.2,89.01,70.92
2022-03-18,106.74,93.58,87.6,70.48
2022-03-21,108.96,94.87,86.88,69.83
2022-03-22,108.22,94.3,86.5,70.0
2022-03-23,108.77,95.63,86.74,69.31
2022-03-24,106.05,95.96,86.94,69.45
2022-03-25,109.21,97.01,88.0,69.45
2022-03-28,108.29,96.47,87.25,69.88
2022-03-29,104.35,92.89,85.22,68.46
2022-03-30,107.41,94.65,86.36,69.3
2022-03-31,111.45,97.26,87.45,69.8
2022-04-01,112.22,97.15,87.41,68.63
2022-04-04,107.11,93.49,85.16,68.18
2022-04-05,116.27,98.57,88.33,69.21
2022-04-06,114.84,97.97,87.16,68.44
2022-04-07,113.33,96.75,86.93,68.89
2022-04-08,112.14,96.48,86.88,68.42
2022-04-11,117.35,99.22,88.16,68.72
2022-04-12,117.26,98.9,88.14,69.29
2022-04-13,113.76,94.74,86.74,69.41
2022-04-14,114.75,97.0,87.83,69.36
2022-04-18,110.9,94.26,86.4,69.48
2022-04-19,106.06,90.83,84.24,68.96
2022-04-20,103.03,88.65,83.6,69.48
2022-04-21,110.93,91.14,84.12,70.19
2022-04-22,122.37,98.23,89.65,71.36
2022-04-25,116.98,96.86,87.72,63.45
2022-04-26,127.5,103.44,92.96,72.51
2022-04-27,123.71,99.41,89.3,71.0
2022-04-28,119.75,98.06,88.52,69.98
2022-04-29,121.98,99.97,89.65,70.5
2022-05-02,124.48,101.66,89.75,70.11
2022-05-03,117.55,97.57,87.15,69.51
2022-05-04,106.62,90.06,82.31,67.33
2022-05-05,119.18,97.58,86.94,70.1
2022-05-06,116.78,97.58,87.23,69.85
2022-05-09,125.93,103.02,90.38,71.0
2022-05-10,120.98,100.57,89.44,70.42
2022-05-11,125.89,101.27,90.16,70.51
2022-05-12,122.11,97.55,88.35,70.27
2022-05-13,113.89,90.29,85.62,69.86
2022-05-16,108.26,90.24,84.87,69.55
2022-05-17,101.2,85.52,81.2,68.82
2022-05-18,114.96,91.39,86.43,70.82
2022-05-19,104.89,92.11,83.47,70.33
2022-05-20,107.8,90.64,82.67,68.97
2022-05-23,102.68,88.49,81.77,68.84
2022-05-24,104.29,90.14,82.03,68.14
2022-05-25,98.79,86.24,80.74,68.58
2022-05-26,96.25,134.57,79.5,67.98
2022-05-27,93.66,83.72,78.28,67.0
2022-05-31,93.1,84.92,78.93,67.42
2022-06-01,91.39,83.45,78.44,66.54
2022-06-02,91.08,82.34,77.14,66.29
2022-06-03,90.5,81.77,76.57,66.01
2022-06-06,89.53,81.47,76.52,66.16
2022-06-07,87.82,80.01,76.21,65.61
2022-06-08,92.68,80.32,75.84,65.25
2022-06-09,98.82,83.7,77.29,65.63
2022-06-10,99.75,83.81,78.04,64.7
2022-06-13,113.72,90.84,82.43,66.71
2022-06-14,111.01,91.48,81.54,66.45
2022-06-15,105.37,87.89,79.64,64.71
2022-06-16,114.36,92.32,82.02,65.89
2022-06-17,110.06,89.79,80.19,65.56
2022-06-21,104.37,80.6,78.91,65.86
2022-06-22,99.66,83.46,76.84,64.14
2022-06-23,98.31,82.66,75.79,63.08
2022-06-24,91.34,78.22,73.46,62.93
2022-06-27,87.58,77.64,72.83,62.8
2022-06-28,90.62,78.92,73.72,63.35
2022-06-29,88.92,79.31,74.4,62.95
2022-06-30,89.39,79.51,74.32,63.21
2022-07-01,85.51,76.31,72.22,62.41
2022-07-05,87.3,76.42,71.79,61.57
2022-07-06,85.88,75.32,70.59,61.19
2022-07-07,85.88,74.18,70.03,60.65
2022-07-08,84.74,74.47,70.01,60.06
2022-07-11,88.05,75.76,70.83,60.67
2022-07-12,90.06,76.23,71.31,61.21
2022-07-13,90.49,76.31,72.41,62.37
2022-07-14,90.73,79.01,73.55,63.6
2022-07-15,89.37,75.33,72.84,62.91
2022-07-18,91.86,78.91,74.63,62.74
2022-07-19,88.61,75.1,72.31,61.61
2022-07-20,86.75,75.01,71.83,62.23
2022-07-21,85.04,73.76,70.44,61.94
2022-07-22,84.53,73.98,70.41,61.81
2022-07-25,83.82,73.33,69.84,61.99
2022-07-26,84.83,75.52,71.23,62.0
2022-07-27,81.77,72.15,68.67,60.2
2022-07-28,80.88,72.34,69.08,61.6
2022-07-29,80.29,72.5,69.13,61.47
2022-08-01,86.34,75.54,71.49,62.04
2022-08-02,88.47,78.08,72.39,62.15
2022-08-03,84.6,74.79,70.62,61.9
2022-08-04,83.69,75.02,70.85,61.51
2022-08-05,84.13,74.65,70.96,61.7
2022-08-08,86.95,77.4,72.48,62.52
2022-08-09,87.49,78.53,72.62,63.62
2022-08-10,90.04,75.92,72.28,63.02
2022-08-11,90.84,77.8,73.83,63.36
2022-08-12,91.01,77.74,72.95,63.83
2022-08-15,88.73,77.33,72.3,63.52
2022-08-16,88.05,74.23,72.34,62.93
2022-08-17,87.47,76.63,72.93,63.9
2022-08-18,86.46,76.32,72.7,63.43
2022-08-19,89.77,79.03,74.18,64.22
2022-08-22,94.75,81.09,75.46,64.89
2022-08-23,93.34,80.51,74.64,63.33
2022-08-24,86.45,77.37,73.7,63.62
2022-08-25,83.32,76.33,71.91,63.02
2022-08-26,91.66,79.09,73.67,64.31
2022-08-29,91.57,78.81,73.32,63.59
2022-08-30,91.11,79.83,73.93,64.12
2022-08-31,88.4,77.63,73.34,63.93
2022-09-01,87.74,77.43,72.85,63.5
2022-09-02,89.19,77.9,72.44,64.23
2022-09-06,94.08,80.71,74.63,64.48
2022-09-07,88.26,76.99,72.16,63.62
2022-09-08,85.57,76.46,70.82,63.17
2022-09-09,84.09,74.15,70.14,62.59
2022-09-12,84.53,73.31,69.23,62.4
2022-09-13,93.89,78.6,71.98,62.45
2022-09-14,93.58,75.67,69.92,61.75
2022-09-15,92.61,76.86,71.89,62.6
2022-09-16,92.42,77.01,69.85,64.5
2022-09-19,88.99,74.27,69.88,60.75
2022-09-20,91.12,75.34,69.91,61.43
2022-09-21,92.05,75.33,69.55,60.62
2022-09-22,89.18,74.06,68.78,60.31
2022-09-23,101.55,81.69,73.15,61.45
2022-09-26,109.09,89.15,78.47,63.79
2022-09-27,113.76,91.36,80.48,64.68
2022-09-28,105.83,88.78,80.45,64.75
2022-09-29,108.31,89.15,79.73,64.62
2022-09-30,106.19,87.67,78.24,62.99
2022-10-03,103.03,84.59,76.33,61.94
2022-10-04,96.83,81.29,74.25,60.9
2022-10-05,92.79,79.4,73.52,60.7
2022-10-06,97.73,82.33,75.17,61.11
2022-10-07,103.37,85.0,76.51,62.32
2022-10-10,107.11,87.01,78.14,62.47
2022-10-11,105.26,87.42,78.23,62.25
2022-10-12,109.19,86.58,77.51,62.09
2022-10-13,101.26,82.67,74.81,61.54
2022-10-14,101.94,81.71,75.84,61.58
2022-10-17,97.32,79.5,73.06,60.65
2022-10-18,92.3,77.81,71.4,60.21
2022-10-19,90.69,77.16,71.86,60.67
2022-10-20,88.35,75.93,69.82,60.47
2022-10-21,87.32,74.64,68.7,58.81
2022-10-24,86.06,73.53,68.49,59.45
2022-10-25,82.21,70.54,66.36,58.73
2022-10-26,80.42,68.98,65.21,58.09
2022-10-27,82.51,69.71,65.05,58.56
2022-10-28,78.12,65.32,62.8,57.54
2022-10-31,78.86,65.43,62.38,57.36
2022-11-01,80.24,66.46,63.08,57.13
2022-11-02,80.93,69.1,64.65,58.2
2022-11-03,79.17,67.25,63.91,57.78
2022-11-04,79.24,66.87,63.28,57.36
2022-11-07,79.95,67.65,64.65,58.44
2022-11-08,84.6,71.19,66.76,59.3
2022-11-09,90.11,71.1,66.72,58.75
2022-11-10,85.78,69.63,65.88,58.17
2022-11-11,85.89,69.64,66.27,58.11
2022-11-14,84.57,69.65,66.55,59.01
2022-11-15,88.31,69.02,65.69,57.63
2022-11-16,81.38,67.55,65.04,57.63
2022-11-17,81.16,67.21,64.68,57.76
2022-11-18,77.68,65.81,63.82,57.72
2022-11-21,77.11,64.62,63.32,57.45
2022-11-22,77.81,65.83,63.9,58.11
2022-11-23,81.72,67.35,64.57,57.91
2022-11-25,82.5,68.18,64.95,58.35
2022-11-28,87.33,71.91,66.87,59.03
2022-11-29,85.43,70.75,66.33,58.98
2022-11-30,81.79,68.56,64.79,58.19
2022-12-01,82.19,68.39,64.91,58.37
2022-12-02,81.57,69.06,65.92,59.0
2022-12-05,84.71,70.68,67.29,59.34
2022-12-06,86.59,72.76,68.37,59.88
2022-12-07,87.18,72.83,68.32,59.88
2022-12-08,84.9,71.32,67.15,59.45
2022-12-09,87.26,74.51,69.6,59.98
2022-12-12,91.73,76.43,71.19,60.34
2022-12-13,88.74,75.74,70.25,60.9
2022-12-14,88.35,75.28,70.77,61.31
2022-12-15,92.26,77.48,72.71,62.49
2022-12-16,89.15,78.2,72.99,62.88
2022-12-19,87.54,76.3,71.33,62.27
2022-12-20,83.0,72.9,69.98,62.04
2022-12-21,77.64,69.47,66.58,60.54
2022-12-22,81.94,69.79,67.02,60.59
2022-12-23,78.84,66.78,64.5,58.97
2022-12-27,78.65,67.02,64.64,58.77
2022-12-28,79.9,66.98,64.54,58.56
2022-12-29,77.28,66.33,63.68,57.98
2022-12-30,77.05,66.33,63.51,57.24
2023-01-03,80.34,67.76,64.19,58.32
2023-01-04,76.65,65.5,62.81,57.8
2023-01-05,75.96,64.74,62.44,57.62
2023-01-06,73.88,63.32,60.95,56.95
2023-01-09,77.27,65.75,62.2,56.4
2023-01-10,76.02,65.1,62.44,57.45
2023-01-11,78.94,65.81,62.72,56.96
2023-01-12,78.79,69.27,63.46,57.11
2023-01-13,80.89,73.52,64.98,56.81
2023-01-17,83.44,76.01,65.44,57.61
2023-01-18,85.33,75.72,68.1,58.38
2023-01-19,85.14,74.59,67.76,58.8
2023-01-20,81.03,70.4,65.66,57.47
2023-01-23,78.34,69.15,65.09,57.2
2023-01-24,79.37,67.96,64.72,57.1
2023-01-25,80.74,69.07,64.26,56.74
2023-01-26,81.6,68.57,63.95,56.32
2023-01-27,83.31,70.16,65.55,56.85
2023-01-30,86.13,72.37,66.66,57.07
2023-01-31,83.9,71.85,67.25,57.74
2023-02-01,81.2,69.74,65.59,57.3
2023-02-02,84.97,73.41,68.37,58.92
2023-02-03,83.49,74.87,69.27,58.72
2023-02-06,85.1,75.98,70.16,59.48
2023-02-07,84.54,75.13,70.25,59.58
2023-02-08,94.83,77.32,71.25,60.12
2023-02-09,97.96,79.28,72.31,60.11
2023-02-10,95.63,79.15,72.42,60.18
2023-02-13,93.95,78.5,72.61,61.32
2023-02-14,89.2,75.31,71.89,60.32
2023-02-15,84.81,72.97,69.97,59.37
2023-02-16,88.25,75.61,71.6,60.07
2023-02-17,87.97,74.85,70.31,59.36
2023-02-21,95.99,79.72,73.34,60.5
2023-02-22,91.24,76.85,71.39,60.41
2023-02-23,85.16,74.23,69.8,59.34
2023-02-24,85.26,74.1,70.35,60.17
2023-02-27,83.21,72.95,68.71,59.65
2023-02-28,80.76,71.18,67.75,59.72
2023-03-01,80.55,71.41,67.48,59.39
2023-03-02,77.34,69.31,65.77,58.88
2023-03-03,75.93,68.37,65.82,59.06
2023-03-06,76.41,68.28,65.85,58.66
2023-03-07,78.54,71.01,67.62,59.98
2023-03-08,74.67,67.74,65.4,59.77
2023-03-09,92.04,75.89,69.84,60.9
2023-03-10,108.62,85.55,75.86,62.39
2023-03-13,114.54,89.92,78.58,63.08
2023-03-14,104.9,85.45,77.14,62.44
2023-03-15,122.75,98.65,84.87,65.92
2023-03-16,110.77,89.97,80.04,65.0
2023-03-17,124.75,99.25,86.03,66.58
2023-03-20,110.16,90.16,79.97,64.79
2023-03-21,101.19,82.34,75.69,62.81
2023-03-22,102.64,83.2,75.71,62.41
2023-03-23,102.92,83.69,76.12,62.6
2023-03-24,99.72,83.13,75.38,62.61
2023-03-27,95.07,79.19,72.63,61.58
2023-03-28,91.41,77.42,71.57,61.41
2023-03-29,87.78,74.28,69.55,60.3
2023-03-30,85.34,73.13,68.32,59.36
2023-03-31,87.53,72.48,67.71,59.17
2023-04-03,84.07,72.79,67.51,58.73
2023-04-04,84.72,73.87,68.39,57.79
2023-04-05,85.92,74.23,68.95,58.24
2023-04-06,84.64,73.37,69.1,58.82
2023-04-10,85.94,73.63,68.78,57.96
2023-04-11,85.92,72.43,67.39,57.6
2023-04-12,87.06,72.92,68.14,57.74
2023-04-13,84.73,72.72,68.13,57.42
2023-04-14,84.01,73.0,68.79,58.16
2023-04-17,83.15,72.97,68.47,58.41
2023-04-18,88.01,74.51,70.19,58.84
2023-04-19,95.04,80.05,74.05,59.7
2023-04-20,98.46,84.65,76.78,61.1
2023-04-21,96.94,85.22,77.53,62.63
2023-04-24,93.96,83.83,77.7,62.3
2023-04-25,94.35,85.21,78.9,63.31
2023-04-26,90.65,82.79,76.63,62.05
2023-04-27,85.79,77.94,72.47,60.49
2023-04-28,86.9,76.91,71.37,60.0
2023-05-01,88.21,76.77,71.21,60.08
2023-05-02,91.46,81.32,73.92,60.5
2023-05-03,91.54,81.42,74.52,60.76
2023-05-04,98.74,85.36,76.94,61.22
2023-05-05,91.8,79.95,73.57,60.4
2023-05-08,91.98,79.86,73.53,60.75
2023-05-09,92.45,80.44,74.21,60.69
2023-05-10,97.53,79.31,72.62,60.48
2023-05-11,97.32,77.89,72.12,60.09
2023-05-12,100.54,79.51,73.27,60.28
2023-05-15,94.65,77.46,71.78,60.34
2023-05-16,97.63,78.54,73.03,60.57
2023-05-17,92.76,76.88,71.68,60.11
2023-05-18,89.06,74.63,70.78,59.9
2023-05-19,94.77,78.47,73.01,61.21
2023-05-22,97.64,80.22,73.96,60.8
2023-05-23,101.91,82.44,74.99,61.49
2023-05-24,106.52,83.63,75.49,61.68
2023-05-25,103.88,82.66,75.19,61.53
2023-05-26,97.57,79.56,73.18,61.0
2023-05-30,91.91,78.08,72.32,60.65
2023-05-31,91.39,76.48,71.69,60.31
2023-06-01,85.07,73.15,68.96,59.28
2023-06-02,86.16,75.1,70.73,59.57
2023-06-05,85.77,74.33,70.05,59.16
2023-06-06,85.74,73.7,68.51,58.56
2023-06-07,84.0,72.97,68.6,58.46
2023-06-08,87.63,75.25,70.58,59.06
2023-06-09,89.7,77.05,71.78,59.52
2023-06-12,92.83,77.75,71.6,59.93
2023-06-13,92.1,79.39,73.31,59.97
2023-06-14,91.91,78.82,72.76,59.54
2023-06-15,93.95,81.38,73.93,59.79
2023-06-16,90.69,78.55,72.15,59.84
2023-06-20,96.26,81.1,74.81,61.06
2023-06-21,92.73,78.64,73.27,60.87
2023-06-22,90.64,77.42,72.7,60.77
2023-06-23,92.34,78.68,73.77,61.25
2023-06-26,95.42,80.87,74.68,61.35
2023-06-27,91.33,78.55,73.21,61.87
2023-06-28,85.79,75.29,71.65,61.04
2023-06-29,85.26,75.21,71.68,60.85
2023-06-30,83.11,74.05,70.76,60.08
2023-07-03,84.17,73.71,70.25,60.05
2023-07-05,87.76,75.95,71.61,60.35
2023-07-06,95.3,80.13,74.3,61.51
2023-07-07,94.49,78.69,73.41,61.27
2023-07-10,95.33,77.86,72.56,60.56
2023-07-11,95.21,78.18,73.15,61.07
2023-07-12,95.85,77.12,73.07,61.0
2023-07-13,96.43,78.89,72.59,60.96
2023-07-14,94.89,77.86,71.81,60.08
2023-07-17,95.98,79.88,73.53,60.45
2023-07-18,92.99,78.55,73.51,60.5
2023-07-19,93.57,80.59,75.01,61.8
2023-07-20,94.06,79.53,74.87,62.37
2023-07-21,93.36,79.45,74.44,62.0
2023-07-24,91.74,77.19,73.42,61.71
2023-07-25,90.0,78.47,74.12,61.55
2023-07-26,85.38,75.36,72.78,61.2
2023-07-27,94.05,79.27,75.05,62.05
2023-07-28,87.38,75.48,72.45,61.62
2023-07-31,86.68,74.65,71.98,61.05
2023-08-01,87.49,76.34,72.95,61.37
2023-08-02,96.2,79.8,75.51,63.03
2023-08-03,94.04,78.16,74.25,62.6
2023-08-04,99.63,81.58,76.28,63.2
2023-08-07,92.99,77.74,73.15,62.05
2023-08-08,94.91,79.64,74.67,62.95
2023-08-09,97.43,78.84,74.26,62.82
2023-08-10,99.78,81.07,75.12,63.01
2023-08-11,96.68,79.32,74.41,62.81
2023-08-14,95.33,78.13,73.64,62.61
2023-08-15,103.28,81.58,76.8,63.56
2023-08-16,104.54,84.2,78.12,63.85
2023-08-17,106.74,87.76,80.24,64.69
2023-08-18,97.28,83.88,78.53,63.76
2023-08-21,95.24,82.67,77.28,63.45
2023-08-22,92.62,82.38,77.69,63.99
2023-08-23,88.99,78.84,75.5,63.11
2023-08-24,92.17,81.23,76.84,63.34
2023-08-25,84.32,76.74,73.05,61.42
2023-08-28,82.23,74.97,71.88,61.08
2023-08-29,79.05,73.08,70.28,60.28
2023-08-30,78.63,71.35,69.77,60.11
2023-08-31,80.8,71.96,69.42,60.43
2023-09-01,82.65,73.07,69.76,60.48
2023-09-05,86.43,23.85,22.46,14.66
2023-09-06,87.85,127.46,123.42,129.52
2023-09-07,87.65,120.94,115.95,119.24
2023-09-08,85.27,74.23,70.08,59.62
2023-09-11,85.19,74.18,69.62,59.88
2023-09-12,85.63,75.43,70.44,60.57
2023-09-13,84.97,74.88,70.24,60.39
2023-09-14,82.48,73.34,70.21,60.83
2023-09-15,84.84,75.46,71.54,61.26
2023-09-18,84.77,75.15,71.31,61.04
2023-09-19,83.54,72.07,70.28,61.19
2023-09-20,88.05,74.08,70.19,61.45
2023-09-21,94.44,76.8,71.4,62.83
2023-09-22,90.54,75.06,70.5,61.71
2023-09-25,91.74,76.63,71.4,62.33
2023-09-26,103.04,83.38,75.25,64.1
2023-09-27,97.09,80.3,74.12,63.87
2023-09-28,93.72,77.41,71.83,62.87
2023-09-29,94.1,78.04,71.99,62.68
2023-10-02,95.39,78.02,72.16,62.52
2023-10-03,104.39,84.17,75.97,64.58
2023-10-04,95.58,78.76,73.33,63.73
2023-10-05,95.59,79.33,73.94,63.33
2023-10-06,91.16,76.21,71.67,62.6
2023-10-09,92.03,76.49,71.35,62.36
2023-10-10,90.1,75.36,70.69,62.46
2023-10-11,90.57,73.57,68.83,61.33
2023-10-12,91.87,76.17,69.88,61.57
2023-10-13,108.1,79.99,76.24,64.47
2023-10-16,95.69,76.5,71.8,62.76
2023-10-17,95.8,80.21,72.79,62.85
2023-10-18,105.89,83.58,75.77,64.08
2023-10-19,116.47,90.02,79.58,65.75
2023-10-20,115.43,91.19,80.4,65.76
2023-10-23,109.0,87.21,78.42,65.24
2023-10-24,98.54,82.7,76.22,63.65
2023-10-25,102.92,86.51,78.9,65.45
2023-10-26,101.97,86.44,78.54,65.44
2023-10-27,102.04,87.42,79.42,65.63
2023-10-30,95.23,81.21,75.66,63.74
2023-10-31,87.94,75.84,72.45,62.57
2023-11-01,85.08,73.94,70.55,61.62
2023-11-02,83.24,72.03,69.31,60.83
2023-11-03,82.83,71.5,68.89,60.33
2023-11-06,84.33,71.38,68.47,59.93
2023-11-07,83.43,71.47,68.51,60.08
2023-11-08,85.04,69.77,67.43,59.9
2023-11-09,88.74,72.97,70.34,61.26
2023-11-10,85.66,71.49,69.45,60.26
2023-11-13,85.51,72.89,71.12,61.4
2023-11-14,83.77,72.2,71.17,61.04
2023-11-15,84.91,73.79,71.54,61.49
2023-11-16,83.23,73.06,70.62,61.3
2023-11-17,81.83,71.14,69.87,60.45
2023-11-20,81.81,71.83,70.15,61.86
2023-11-21,81.77,70.91,69.22,61.52
2023-11-22,83.38,72.85,70.38,61.9
2023-11-24,83.0,71.34,68.99,60.87
2023-11-27,85.15,73.08,69.92,61.14
2023-11-28,85.14,73.01,69.73,61.45
2023-11-29,87.79,75.51,71.38,62.53
2023-11-30,86.71,75.02,71.75,62.4
2023-12-01,85.9,74.98,72.3,62.29
2023-12-04,87.76,76.06,73.07,63.33
2023-12-05,85.76,75.52,72.56,62.87
2023-12-06,86.85,75.6,72.83,62.96
2023-12-07,86.0,75.19,72.4,62.65
2023-12-08,81.11,72.41,70.49,61.63
2023-12-11,82.35,72.19,70.01,61.32
2023-12-12,83.54,74.35,71.88,61.85
2023-12-13,80.83,72.05,70.79,62.47
2023-12-14,80.83,72.26,70.03,61.76
2023-12-15,88.04,75.21,72.66,62.09
2023-12-18,88.67,78.2,74.68,62.9
2023-12-19,88.77,78.75,76.17,63.92
2023-12-20,92.18,81.73,77.45,65.3
2023-12-21,89.85,78.52,76.19,64.55
2023-12-22,88.62,77.66,75.01,64.56
2023-12-26,88.87,76.46,73.85,63.75
2023-12-27,86.22,73.69,71.46,62.72
2023-12-28,86.69,74.47,72.14,62.72
2023-12-29,86.96,75.7,73.15,63.18
2024-01-02,88.09,76.09,73.0,62.88
2024-01-03,89.65,76.87,73.3,63.75
2024-01-04,87.59,75.06,71.72,62.91
2024-01-05,82.87,71.94,69.21,61.58
2024-01-08,81.26,70.25,68.25,60.87
2024-01-09,78.59,67.28,65.87,59.76
2024-01-10,77.09,66.32,65.31,59.4
2024-01-11,75.54,67.22,64.87,59.19
2024-01-12,86.07,69.79,66.87,60.03
2024-01-16,89.59,73.6,70.48,61.21
2024-01-17,91.36,76.15,71.24,61.89
2024-01-18,86.34,72.5,68.59,60.45
2024-01-19,81.95,70.15,66.62,59.11
2024-01-22,79.17,66.13,64.89,58.58
2024-01-23,76.67,64.01,63.18,58.1
2024-01-24,80.94,67.43,65.01,58.39
2024-01-25,81.39,69.19,66.24,58.82
2024-01-26,82.2,68.61,66.02,58.77
2024-01-29,83.4,69.93,66.47,58.69
2024-01-30,82.24,68.84,66.33,58.85
2024-01-31,87.56,71.87,68.18,60.48
2024-02-01,84.83,70.74,67.31,59.66
2024-02-02,83.31,69.97,67.04,59.18
2024-02-05,79.58,67.04,65.45,58.28
2024-02-06,76.97,65.71,64.53,58.48
2024-02-07,80.54,66.29,64.74,58.42
2024-02-08,83.07,66.28,64.77,58.59
2024-02-09,81.94,66.85,65.31,58.48
2024-02-12,84.63,69.35,67.14,59.55
2024-02-13,93.19,75.53,70.84,59.99
2024-02-14,83.17,70.03,67.08,59.16
2024-02-15,82.4,69.43,67.29,59.31
2024-02-16,82.63,69.72,67.27,59.13
2024-02-20,86.1,71.12,68.2,59.63
2024-02-21,84.66,70.07,67.84,58.73
2024-02-22,80.88,69.39,66.65,58.34
2024-02-23,78.86,66.63,65.15,57.88
2024-02-26,80.5,66.97,64.67,57.3
2024-02-27,78.54,65.83,63.58,56.86
2024-02-28,80.36,67.32,65.01,57.64
2024-02-29,77.45,65.82,63.75,57.2
2024-03-01,77.68,66.14,64.01,57.26
2024-03-04,79.41,66.51,64.27,57.58
2024-03-05,83.91,69.19,66.12,58.4
2024-03-06,83.11,68.52,65.39,58.13
2024-03-07,82.13,68.18,65.45,58.0
2024-03-08,86.56,70.23,66.26,58.41
2024-03-11,88.97,71.35,67.36,58.6
2024-03-12,83.76,69.01,66.14,58.65
2024-03-13,86.27,68.14,65.69,58.77
2024-03-14,88.75,73.33,67.42,59.34
2024-03-15,92.17,77.7,69.04,60.13
2024-03-18,86.78,71.71,68.19,59.26
2024-03-19,83.9,70.52,67.19,59.21
2024-03-20,78.87,67.3,65.28,58.32
2024-03-21,77.3,66.81,65.5,58.32
2024-03-22,76.49,66.04,65.58,58.47
2024-03-25,76.6,66.49,65.08,58.67
2024-03-26,76.77,66.1,64.47,59.21
2024-03-27,76.0,64.95,63.7,58.87
2024-03-28,76.57,66.38,64.39,58.37
2024-04-01,78.45,67.24,64.66,58.77
2024-04-02,82.76,69.31,66.09,59.08
2024-04-03,81.08,68.01,65.04,58.67
2024-04-04,90.04,73.57,68.97,59.98
2024-04-05,90.58,73.95,69.22,60.28
2024-04-08,86.26,71.1,67.0,59.47
2024-04-09,84.45,69.76,66.09,58.67
2024-04-10,91.76,70.18,66.52,58.87
2024-04-11,89.4,68.6,65.7,58.57
2024-04-12,102.72,75.72,69.98,60.21
2024-04-15,109.64,81.72,73.8,61.38
2024-04-16,99.25,75.18,70.68,59.93
2024-04-17,98.76,75.36,70.27,60.1
2024-04-18,95.99,75.04,70.38,59.88
2024-04-19,99.09,77.07,71.25,60.85
2024-04-22,89.54,71.58,67.54,58.9
2024-04-23,82.36,67.0,64.68,57.94
2024-04-24,83.61,67.17,64.17,57.25
2024-04-25,82.54,65.57,62.86,56.91
2024-04-26,79.56,65.0,62.71,57.19
2024-04-29,78.22,63.25,61.12,55.33
2024-04-30,81.82,66.24,62.86,56.15
2024-05-01,81.93,67.08,63.75,56.86
2024-05-02,78.59,64.81,62.07,55.99
2024-05-03,74.57,62.39,60.43,55.83
2024-05-06,73.46,60.94,59.43,54.86
2024-05-07,74.54,62.12,60.24,54.86
2024-05-08,74.5,62.37,60.66,55.5
2024-05-09,73.77,62.65,60.48,55.47
2024-05-10,73.26,62.87,61.0,55.3
2024-05-13,77.55,63.79,61.56,55.21
2024-05-14,77.65,64.25,61.56,54.92
2024-05-15,76.31,63.85,62.03,55.3
2024-05-16,77.74,65.4,62.33,55.08
2024-05-17,78.43,64.13,61.9,55.79
2024-05-20,79.45,66.16,62.97,56.19
2024-05-21,77.62,66.48,63.44,54.87
2024-05-22,79.96,74.91,73.28,75.96
2024-05-23,84.62,74.74,72.06,74.29
2024-05-24,79.09,67.63,63.33,57.33
2024-05-28,81.64,68.53,64.26,56.84
2024-05-29,83.79,69.93,65.06,56.9
2024-05-30,83.44,69.08,64.72,56.14
2024-05-31,78.27,66.13,62.38,55.7
2024-06-03,78.79,66.86,63.16,55.9
2024-06-04,77.65,66.29,63.3,56.02
2024-06-05,75.24,64.98,62.17,56.01
2024-06-06,77.91,66.25,63.43,57.36
2024-06-07,76.65,65.75,63.03,56.87
2024-06-10,78.97,66.54,63.51,56.81
2024-06-11,79.95,65.84,62.71,56.93
2024-06-12,77.6,65.34,62.47,56.86
2024-06-13,78.2,68.76,62.84,57.2
2024-06-14,83.72,70.23,65.03,57.78
2024-06-17,83.34,69.2,65.36,57.79
2024-06-18,80.63,67.66,64.59,58.05
2024-06-20,85.72,70.65,67.14,59.18
2024-06-21,83.31,68.89,65.22,58.13
2024-06-24,84.8,69.38,65.07,58.48
2024-06-25,82.87,67.63,63.66,58.0
2024-06-26,81.45,67.26,63.37,58.58
2024-06-27,79.5,66.07,62.82,58.11
2024-06-28,79.48,66.11,63.02,57.96
2024-07-01,76.05,63.52,61.17,57.18
2024-07-02,77.06,64.0,61.62,57.47
2024-07-03,78.07,65.01,62.37,57.1
2024-07-05,78.8,64.82,61.25,57.27
2024-07-08,78.59,64.86,60.84,57.92
2024-07-09,78.58,65.58,61.6,57.81
2024-07-10,83.41,65.21,61.69,57.83
2024-07-11,84.47,66.59,62.17,58.22
2024-07-12,81.61,65.43,61.96,57.67
2024-07-15,83.86,67.71,63.5,57.83
2024-07-16,82.4,68.38,64.23,58.65
2024-07-17,88.28,72.05,65.36,58.43
2024-07-18,94.71,74.62,67.83,59.35
2024-07-19,97.93,76.63,69.14,59.25
2024-07-22,93.66,72.91,66.64,57.55
2024-07-23,88.51,69.56,65.35,57.73
2024-07-24,106.12,80.31,70.91,59.14
2024-07-25,104.38,78.04,70.11,58.82
2024-07-26,94.61,73.08,67.97,57.72
2024-07-29,93.51,72.36,67.54,57.25
2024-07-30,99.97,76.68,69.46,58.55
2024-07-31,94.25,73.63,68.12,57.45
2024-08-01,111.18,82.47,73.06,59.35
2024-08-02,136.81,96.78,80.94,62.76
2024-08-05,173.32,123.43,98.09,70.6
2024-08-06,150.09,108.77,89.65,67.05
2024-08-07,151.24,109.37,90.38,67.16
2024-08-08,134.34,98.83,85.47,65.78
2024-08-09,114.63,84.9,76.4,63.24
2024-08-12,121.94,86.53,78.91,63.73
2024-08-13,113.89,80.88,74.01,61.11
2024-08-14,107.81,75.42,71.67,61.28
2024-08-15,105.42,76.6,72.59,61.14
2024-08-16,103.42,75.21,72.76,61.22
2024-08-19,98.82,74.59,73.24,61.91
2024-08-20,101.74,77.82,75.34,61.9
2024-08-21,106.72,82.51,77.71,62.56
2024-08-22,112.53,85.82,79.8,63.55
2024-08-23,99.22,78.44,75.49,62.32
2024-08-26,100.68,79.4,75.35,62.54
2024-08-27,93.45,75.2,73.42,62.16
2024-08-28,106.32,81.93,76.66,63.11
2024-08-29,97.08,77.34,74.43,62.59
2024-08-30,93.73,74.72,73.03,62.17
2024-09-03,129.79,97.62,85.96,66.37
2024-09-04,123.47,96.13,85.8,67.99
2024-09-05,115.01,92.08,83.57,65.83
2024-09-06,119.33,96.6,86.79,67.93
2024-09-09,110.85,93.04,84.01,66.27
2024-09-10,107.2,92.22,82.97,66.43
2024-09-11,102.9,89.0,80.34,65.26
2024-09-12,103.94,90.82,82.32,65.39
2024-09-13,101.88,93.04,82.37,64.98
2024-09-16,106.67,95.5,83.36,66.22
2024-09-17,107.19,93.84,82.94,65.82
2024-09-18,105.43,92.48,82.74,65.86
2024-09-19,97.46,88.75,80.23,65.18
2024-09-20,94.27,86.21,78.35,64.55
2024-09-23,94.41,84.87,78.65,64.79
2024-09-24,90.93,82.96,76.95,64.65
2024-09-25,90.48,82.12,75.82,64.22
2024-09-26,89.86,81.59,75.97,64.68
2024-09-27,101.34,87.24,79.41,65.91
2024-09-30,99.34,85.37,78.01,65.47
2024-10-01,110.14,93.31,83.55,67.28
2024-10-02,107.97,91.93,82.92,66.6
2024-10-03,115.64,96.4,85.97,68.69
2024-10-04,110.63,93.9,84.19,66.98
2024-10-07,122.58,100.69,88.33,69.43
2024-10-08,114.82,96.67,85.47,67.39
2024-10-09,119.36,93.51,83.69,66.95
2024-10-10,117.43,92.7,82.94,67.42
2024-10-11,113.99,90.79,81.62,66.66
2024-10-14,107.22,87.45,78.83,65.89
2024-10-15,112.9,90.66,81.45,66.04
2024-10-16,111.62,90.59,80.5,65.83
2024-10-17,105.89,87.79,78.47,65.81
2024-10-18,100.95,84.64,75.17,64.19
2024-10-21,102.96,85.45,75.77,64.44
2024-10-22,100.5,84.38,74.76,63.4
2024-10-23,108.11,87.98,77.22,63.6
2024-10-24,109.84,87.74,77.17,63.99
2024-10-25,117.5,91.92,79.6,64.46
2024-10-28,112.23,87.58,76.53,63.55
2024-10-29,108.7,86.19,75.72,62.97
2024-10-30,112.77,86.91,76.35,63.53
2024-10-31,121.89,92.45,79.68,65.22
2024-11-01,119.12,92.9,80.65,66.26
2024-11-04,121.8,92.97,81.23,66.32
2024-11-05,114.32,88.66,77.78,64.33
2024-11-06,97.24,75.74,70.58,61.32
2024-11-07,88.6,70.76,66.54,59.84
2024-11-08,87.76,70.73,66.46,59.53
2024-11-11,90.73,71.77,67.88,59.91
2024-11-12,89.45,72.87,69.52,60.53
2024-11-13,91.76,72.41,69.17,60.19
2024-11-14,90.43,74.46,69.02,60.71
2024-11-15,98.93,73.09,71.21,61.76
2024-11-18,93.81,70.65,67.82,60.34
2024-11-19,97.37,71.66,68.57,60.3
2024-11-20,102.2,75.2,70.95,61.27
2024-11-21,101.3,77.21,72.02,61.73
2024-11-22,95.13,73.96,70.12,60.11
2024-11-25,88.79,71.87,69.32,60.36
2024-11-26,87.71,71.71,69.28,60.07
2024-11-27,88.36,72.45,70.05,60.71
2024-11-29,86.32,72.05,69.55,60.82
2024-12-02,87.11,71.87,69.29,60.91
2024-12-03,86.43,72.77,70.25,61.27
2024-12-04,86.48,73.21,70.38,62.07
2024-12-05,86.95,72.72,70.23,61.66
2024-12-06,87.38,73.46,70.88,61.16
2024-12-09,93.84,77.1,73.57,62.31
2024-12-10,94.35,77.62,73.56,63.2
2024-12-11,98.12,77.45,73.72,62.56
2024-12-12,99.43,79.1,74.99,63.0
2024-12-13,96.5,77.41,74.35,63.22
2024-12-16,98.35,80.45,76.25,63.37
2024-12-17,100.73,81.59,76.42,63.8
2024-12-18,129.79,94.69,85.52,69.62
2024-12-19,136.29,100.02,90.58,69.23
2024-12-20,114.01,88.15,79.74,63.91
2024-12-23,102.34,82.43,76.39,63.09
2024-12-24,91.05,76.01,72.85,61.26
2024-12-26,92.77,76.9,73.63,61.74
2024-12-27,98.81,80.15,75.97,62.07
2024-12-30,103.05,82.6,77.34,62.78
2024-12-31,104.33,82.36,76.52,62.88
2025-01-02,106.59,84.65,77.61,62.8
2025-01-03,94.36,77.88,73.46,60.89
2025-01-06,95.89,78.03,73.35,62.22
2025-01-07,106.37,83.18,76.3,62.23
2025-01-08,103.93,82.56,75.92,61.83
2025-01-10,115.49,89.15,80.26,63.82
2025-01-13,110.94,87.3,79.17,63.05
2025-01-14,107.93,84.81,78.21,62.24
2025-01-15,97.79,78.38,74.48,60.55
2025-01-16,99.84,79.39,74.57,60.29
2025-01-17,101.61,80.65,75.17,60.46
2025-01-21,98.26,77.8,72.98,60.39
2025-01-22,100.56,79.34,73.86,60.42
2025-01-23,99.52,77.73,72.45,60.67
2025-01-24,100.41,77.8,72.56,60.57
2025-01-27,110.31,83.43,74.86,61.16
2025-01-28,103.74,79.45,72.24,60.01
2025-01-29,101.68,79.48,72.31,60.75
2025-01-30,98.32,77.62,71.67,60.64
2025-01-31,101.5,81.59,74.97,61.93
2025-02-03,109.01,84.2,75.96,62.91
2025-02-04,100.88,80.73,73.56,60.47
2025-02-05,97.29,78.62,72.31,61.42
2025-02-06,96.77,79.16,72.68,61.32
2025-02-07,101.49,82.08,74.38,61.93
2025-02-10,99.15,80.41,73.14,61.41
2025-02-11,99.82,80.17,72.98,61.65
2025-02-12,98.74,78.83,71.94,60.85
2025-02-13,95.48,77.12,71.26,60.98
2025-02-14,96.9,77.71,71.17,61.42
2025-02-18,98.5,78.28,72.57,61.7
2025-02-19,95.55,76.95,71.9,61.62
2025-02-20,94.99,76.77,72.07,61.66
2025-02-21,105.71,81.94,74.89,62.5
2025-02-24,106.8,83.77,76.59,62.8
2025-02-25,108.47,83.42,75.65,62.49
2025-02-26,106.05,82.2,75.05,61.92
2025-02-27,114.79,87.3,77.77,63.3
2025-02-28,108.99,84.74,75.76,62.09
2025-03-03,118.74,89.82,79.0,63.03
2025-03-04,118.56,90.39,79.58,63.33
2025-03-05,109.63,85.66,76.47,62.19
2025-03-06,120.82,94.55,81.28,64.55
2025-03-07,115.73,89.42,78.35,63.72
2025-03-10,128.46,98.37,84.24,66.88
2025-03-11,129.51,96.73,83.09,66.43
2025-03-12,115.89,87.94,78.1,62.97
2025-03-13,112.89,83.07,76.99,62.63
2025-03-14,98.23,75.48,71.29,59.83
2025-03-17,95.93,77.17,71.19,60.37
2025-03-18,99.68,77.72,72.02,60.55
2025-03-19,93.23,75.46,70.05,58.74
2025-03-20,89.95,73.42,68.79,58.63
2025-03-21,87.99,72.71,67.69,57.53
2025-03-24,81.89,68.72,64.86,56.35
2025-03-25,87.46,72.02,68.15,57.8
2025-03-26,90.24,73.4,68.62,58.49
2025-03-27,89.51,73.1,68.23,57.98
2025-03-28,102.44,81.24,73.75,60.69
2025-03-31,99.12,81.12,73.75,60.65
2025-04-01,97.55,80.61,74.11,61.3
2025-04-02,118.37,80.21,73.17,61.12
2025-04-03,119.48,96.6,83.86,65.2
2025-04-04,147.16,115.14,95.59,68.78
2025-04-07,152.63,116.23,94.21,66.93
2025-04-08,170.92,131.65,103.19,69.78
2025-04-09,142.5,97.02,81.7,61.04
2025-04-10,157.24,113.05,95.24,64.64
2025-04-11,147.35,109.45,92.51,64.98
2025-04-14,122.32,95.96,84.76,63.04
2025-04-15,115.89,91.33,81.8,61.24
2025-04-16,122.91,97.79,86.27,63.68
2025-04-17,116.26,94.74,84.42,64.1
2025-04-21,124.11,97.78,85.96,65.57
2025-04-22,112.96,90.4,81.07,61.92
2025-04-23,109.02,88.21,79.14,62.49
2025-04-24,102.98,83.46,76.22,60.83
2025-04-25,98.95,82.63,75.43,60.04
2025-04-28,103.39,83.95,76.49,60.98
2025-04-29,101.31,83.65,76.61,61.18
2025-04-30,102.29,84.72,77.35,62.06
2025-05-01,102.31,85.55,77.43,61.91
2025-05-02,97.26,81.55,75.31,61.14
2025-05-05,101.17,83.92,77.14,61.68
2025-05-06,104.32,86.17,78.27,63.1
2025-05-07,99.82,83.27,76.94,62.55
2025-05-08,96.29,81.94,76.17,62.04
2025-05-09,96.35,82.61,76.72,61.93
2025-05-12,87.93,76.64,72.91,59.97
2025-05-13,91.59,77.67,73.36,60.21
2025-05-14,97.16,79.92,75.73,61.06
2025-05-15,94.11,78.66,74.92,61.49
2025-05-16,94.94,79.34,74.49,61.33
2025-05-19,96.89,80.81,75.52,61.89
2025-05-20,96.62,80.52,76.42,62.0
2025-05-21,106.3,85.98,79.58,63.02
2025-05-22,104.1,85.97,79.39,63.35
2025-05-23,109.76,89.42,81.83,63.94
2025-05-27,96.49,82.14,77.21,62.53
2025-05-28,97.15,82.66,77.49,62.03
2025-05-29,95.32,82.43,77.14,62.32
2025-05-30,95.15,83.16,77.6,62.66
2025-06-02,91.84,81.19,76.19,61.88
2025-06-03,90.89,80.34,75.46,61.56
2025-06-04,90.79,80.18,75.24,61.32
2025-06-05,93.2,80.84,75.78,61.82
2025-06-06,89.45,78.41,74.51,61.35
2025-06-09,88.97,78.42,75.29,61.5
2025-06-10,92.06,80.17,76.22,62.38
2025-06-11,99.02,82.19,77.45,63.26
2025-06-12,103.04,85.23,76.86,62.66
2025-06-13,113.37,84.36,79.72,63.5
2025-06-16,106.19,84.1,78.18,63.62
2025-06-17,115.5,88.1,81.04,63.8
2025-06-18,106.2,85.66,78.03,63.35
2025-06-20,108.86,88.86,79.34,63.74
2025-06-23,104.32,87.29,78.51,63.06
2025-06-24,92.29,79.39,73.49,61.38
2025-06-25,89.65,77.63,72.74,61.6
2025-06-26,89.6,77.15,72.05,61.04
2025-06-27,91.84,77.72,72.49,60.72
2025-06-30,89.74,76.54,71.67,60.64
2025-07-01,89.54,77.15,72.31,60.18
2025-07-02,89.8,77.51,72.81,60.28
2025-07-03,90.6,78.65,73.89,60.78
2025-07-07,96.3,80.64,75.2,61.33
2025-07-08,91.31,78.51,73.81,60.57
2025-07-09,91.76,77.08,72.59,59.74
2025-07-10,90.94,76.73,72.38,59.86
2025-07-11,93.53,77.89,73.86,60.42
2025-07-14,95.75,79.83,74.36,60.26
2025-07-15,94.66,78.83,73.67,60.39
2025-07-16,95.56,79.74,74.67,60.55
2025-07-17,92.9,79.41,73.87,60.19
2025-07-18,93.15,79.37,74.24,59.65
2025-07-21,92.26,78.64,73.57,59.06
2025-07-22,90.58,77.33,72.92,59.0
2025-07-23,88.04,76.05,71.41,59.02
2025-07-24,89.75,75.73,71.72,59.25
2025-07-25,90.59,75.87,71.94,60.22
2025-07-28,88.59,75.13,71.49,60.16
2025-07-29,95.14,78.85,74.03,61.23
2025-07-30,94.33,78.82,73.99,60.76
2025-07-31,98.37,79.69,74.63,60.62
2025-08-01,109.79,85.96,78.01,62.04
2025-08-04,95.85,79.78,74.58,61.09
2025-08-05,97.65,80.09,74.27,60.66
2025-08-06,97.81,78.18,73.01,60.3
2025-08-07,97.37,79.13,73.9,60.57
2025-08-08,93.14,77.62,72.8,60.5
2025-08-11,97.09,78.78,73.18,60.5
2025-08-12,92.86,77.15,72.07,59.81
2025-08-13,98.17,78.23,73.16,59.81
2025-08-14,98.04,81.62,73.8,60.57
2025-08-15,97.85,81.53,73.89,60.73
2025-08-18,96.63,80.07,74.45,61.46
2025-08-19,102.09,83.69,75.84,61.96
2025-08-20,98.6,81.67,75.14,61.21
2025-08-21,99.99,82.17,75.47,60.85
2025-08-22,89.78,75.95,71.03,59.55
2025-08-25,92.3,78.44,73.08,60.53
2025-08-26,91.65,78.58,73.29,60.95
2025-08-27,94.93,79.92,73.76,61.19
2025-08-28,92.03,78.36,72.93,61.04
2025-08-29,97.17,80.8,74.25,61.57
2025-09-02,103.88,84.81,77.04,62.2
2025-09-03,99.62,82.21,75.57,62.07
2025-09-04,95.28,79.15,73.84,61.39
2025-09-05,93.06,78.74,73.66,60.83
2025-09-08,92.29,78.42,73.59,60.84
2025-09-09,93.16,78.57,73.13,60.87
2025-09-10,100.53,78.5,72.8,60.39
2025-09-11,96.32,76.17,71.34,59.65
2025-09-12,96.78,76.5,71.95,60.07
2025-09-15,99.55,78.32,73.52,61.24
2025-09-16,104.1,80.77,75.11,61.41
2025-09-17,96.17,76.14,72.27,60.25
2025-09-18,97.28,76.89,72.9,60.75
2025-09-19,96.9,78.3,73.46,60.56
2025-09-22,99.75,79.97,74.48,61.22
2025-09-23,101.23,81.69,75.65,61.6
2025-09-24,99.99,80.32,75.09,61.93
2025-09-25,100.34,81.29,75.47,62.08
2025-09-26,93.4,77.89,73.47,61.23
2025-09-29,96.74,80.78,74.65,61.28
2025-09-30,95.89,80.62,74.32,62.31
2025-10-01,93.22,79.34,73.73,61.2
2025-10-02,94.1,80.7,74.51,61.58
2025-10-03,94.79,80.97,74.78,62.04
2025-10-06,95.38,81.4,75.41,61.94
2025-10-07,98.7,82.73,76.43,62.01
2025-10-08,96.22,82.59,76.07,62.9
2025-10-09,97.25,83.25,76.37,62.93
2025-10-10,116.25,92.23,81.8,64.36
2025-10-13,106.45,87.63,79.33,64.28
2025-10-14,113.19,90.26,80.63,64.18
2025-10-15,117.3,93.12,82.0,64.77
2025-10-16,134.25,101.96,87.86,65.36
2025-10-17,115.63,91.88,81.04,63.63
2025-10-20,103.18,83.29,75.73,61.58
2025-10-21,103.36,83.45,76.66,63.5
2025-10-22,104.87,84.83,76.93,62.87
2025-10-23,98.6,81.36,75.81,61.73
2025-10-24,98.03,79.9,74.21,61.28
2025-10-27,97.4,79.37,74.08,61.27
2025-10-28,101.51,81.96,75.68,61.97
2025-10-29,103.57,82.73,75.8,62.79
2025-10-30,102.84,83.73,76.81,62.57
2025-10-31,104.46,85.41,78.57,63.36
2025-11-03,101.43,83.2,76.72,62.24
2025-11-04,104.44,84.96,77.91,62.74
2025-11-05,100.77,81.48,75.52,61.45
2025-11-06,105.71,83.81,76.5,62.24
2025-11-07,103.6,83.2,76.3,61.96
2025-11-10,98.91,79.81,74.48,61.71
2025-11-11,99.6,80.08,74.73,61.99
2025-11-12,103.47,80.48,75.09,62.17
2025-11-13,111.25,83.07,78.62,63.44
2025-11-14,107.95,85.99,76.73,62.86
2025-11-17,117.86,89.4,80.99,64.53
2025-11-18,124.32,94.77,83.99,66.13
2025-11-19,119.57,93.97,83.45,65.95
2025-11-20,128.65,96.42,84.45,65.59
2025-11-21,118.34,90.38,80.4,63.82
2025-11-24,103.96,83.8,76.78,61.77
2025-11-25,96.85,79.15,73.87,60.84
2025-11-26,92.17,76.45,72.52,60.59
2025-11-28,90.34,76.33,72.83,60.76
2025-12-01,93.76,76.47,72.79,59.97
2025-12-02,91.71,75.4,72.03,60.76
2025-12-03,92.39,76.13,72.57,61.02
2025-12-04,91.28,75.6,72.34,60.62
2025-12-05,90.65,76.09,72.81,60.61
2025-12-08,97.35,79.56,74.57,61.31
2025-12-09,98.14,79.54,75.06,61.35
2025-12-10,99.11,79.35,74.95,61.75
2025-12-11,95.41,78.78,75.65,61.76
2025-12-12,97.33,79.77,77.08,63.03
2025-12-15,100.37,81.13,77.84,63.1
2025-12-16,98.36,79.9,76.83,62.5
2025-12-17,99.89,80.75,77.79,62.69
2025-12-18,92.61,77.63,75.53,61.92
2025-12-19,83.87,74.17,73.47,60.82
2025-12-22,81.97,74.11,72.94,60.35
2025-12-23,85.14,75.11,73.69,61.22
2025-12-24,85.24,75.61,73.5,60.99
2025-12-26,84.24,74.47,72.88,61.86
2025-12-29,85.88,75.83,73.35,61.99
2025-12-30,87.13,76.2,73.86,62.05
2025-12-31,92.67,79.22,75.93,63.07
2026-01-02,90.1,77.45,74.4,63.09
2026-01-05,90.51,77.25,73.73,62.0
2026-01-06,89.01,76.34,72.78,61.7
2026-01-07,91.86,77.89,74.09,61.9
2026-01-08,89.85,76.6,73.23,61.2
2026-01-09,88.19,76.21,72.9,61.25
2026-01-12,93.13,79.27,74.94,62.19
2026-01-13,101.07,82.85,77.52,63.05
2026-01-14,104.85,84.11,77.75,63.11
2026-01-15,100.9,82.34,77.32,63.26
2026-01-16,102.05,85.39,77.57,63.25
2026-01-20,117.05,90.47,80.93,65.29
2026-01-21,102.57,83.41,77.24,63.3
2026-01-22,96.12,80.71,75.35,63.14
2026-01-23,101.83,82.8,76.93,63.32
2026-01-26,99.75,82.82,76.7,62.7
2026-01-27,101.26,84.08,77.23,63.16
2026-01-28,100.46,84.84,77.87,63.23
2026-01-29,101.76,85.02,78.23,62.87
2026-01-30,108.18,88.76,80.47,64.39
2026-02-02,98.77,84.66,78.68,63.37
2026-02-03,103.82,86.03,78.47,63.28
2026-02-04,106.16,87.74,80.27,63.36
2026-02-05,117.07,94.45,83.72,65.17
2026-02-06,100.99,84.97,78.2,63.16
2026-02-09,98.6,83.21,76.87,62.87
2026-02-10,100.81,84.23,78.45,64.04
2026-02-11,102.15,84.44,78.09,63.53
2026-02-12,112.3,88.15,81.43,64.69
2026-02-13,115.52,91.35,81.97,65.35
2026-02-17,107.09,86.75,79.35,63.28
2026-02-18,108.69,87.84,80.32,63.51
2026-02-19,111.67,90.15,81.57,64.42
2026-02-20,108.71,88.3,80.15,63.58
2026-02-23,115.66,93.41,83.21,65.36
2026-02-24,108.61,89.73,81.51,64.24
2026-02-25,103.98,86.49,80.5,64.62
2026-02-26,104.15,87.43,81.15,64.55
2026-02-27,110.89,91.67,83.21,65.01
2026-03-02,113.44,92.36,83.07,65.77
2026-03-03,116.02,93.56,84.1,65.24
2026-03-04,106.94,87.27,79.51,63.65
2026-03-05,115.93,91.16,81.41,64.25
2026-03-06,140.44,107.26,91.85,68.8
2026-03-09,122.6,95.52,84.14,64.93
2026-03-10,125.36,97.48,85.38,65.8
2026-03-11,122.49,94.81,83.58,65.12
2026-03-12,130.18,96.85,86.06,66.1
2026-03-13,131.05,99.99,87.31,66.16
2026-03-16,116.78,92.04,82.54,64.55
2026-03-17,110.55,89.52,81.15,63.81
2026-03-18,126.5,100.78,89.25,66.65
2026-03-19,118.09,98.29,86.71,66.15
2026-03-20,126.28,107.11,90.92,67.98
2026-03-23,122.82,102.23,88.6,66.24
2026-03-24,124.14,102.59,89.15,66.81
2026-03-25,119.37,98.55,86.07,64.85
2026-03-26,124.43,104.85,90.1,66.43
2026-03-27,133.18,108.58,92.17,66.87
2026-03-30,127.84,105.7,90.63,66.65
2026-03-31,116.05,98.45,85.81,65.77
2026-04-01,114.83,96.59,84.51,64.29
2026-04-02,115.33,96.96,85.53,64.32
2026-04-06,113.53,94.94,83.38,63.86
2026-04-07,117.3,97.78,85.8,64.87
2026-04-08,111.07,89.78,80.67,62.81
2026-04-09,105.37,85.16,77.3,59.77
2026-04-10,107.3,87.37,78.66,61.75
2026-04-13,102.63,82.6,75.99,61.06
2026-04-14,95.4,77.6,72.91,60.55
2026-04-15,97.65,79.65,73.75,59.84
2026-04-16,96.8,77.91,72.56,59.03
2026-04-17,95.13,77.52,72.44,58.84
2026-04-20,98.15,79.74,73.58,59.17
2026-04-21,101.89,82.14,75.38,60.15
2026-04-22,98.73,80.29,74.69,60.45
2026-04-23,98.57,80.68,75.54,60.79
2026-04-24,97.18,80.47,74.85,60.75
2026-04-27,93.86,79.74,74.57,60.64
2026-04-28,91.03,78.76,73.83,60.78
2026-04-29,96.02,79.92,74.26,61.08
2026-04-30,93.7,79.3,74.12,61.17
2026-05-01,95.17,80.6,74.75,60.58
2026-05-04,98.29,82.12,76.05,61.95
2026-05-05,95.26,80.12,74.73,61.17
2026-05-06,93.7,79.22,74.26,62.06
2026-05-07,93.61,78.43,73.63,61.81
2026-05-08,96.78,80.99,75.29,62.13
2026-05-11,98.06,81.5,75.28,62.95
2026-05-12,98.55,78.65,73.02,61.82
2026-05-13,98.36,78.79,72.94,62.15
2026-05-14,94.26,76.18,72.08,60.62
2026-05-15,92.94,79.03,72.34,60.23
2026-05-18,91.18,75.89,71.37,61.59
2026-05-19,94.61,77.73,72.17,60.48
2026-05-20,96.45,78.56,73.36,60.12
2026-05-21,91.88,75.58,71.36,59.52
2026-05-22,91.16,74.92,71.47,59.48
2026-05-26,89.55,74.64,70.66,59.73
2026-05-27,87.53,73.96,69.55,59.33
2026-05-28,86.03,73.67,70.83,60.61
2026-05-29,86.06,74.27,70.7,59.9
2026-06-01,91.6,78.43,73.85,61.11
2026-06-02,90.53,79.58,74.66,61.75
2026-06-03,89.8,79.59,74.56,61.37
2026-06-04,85.75,76.81,72.48,61.32
2026-06-05,102.04,81.26,73.97,60.99
2026-06-08,92.4,79.04,73.1,60.32
2026-06-09,95.81,80.81,74.18,61.26
2026-06-10,108.16,85.66,77.04,61.59
2026-06-11,100.63,81.99,74.82,60.29
2026-06-12,93.82,78.78,73.1,61.26
2026-06-15,87.58,76.01,71.76,60.55
2026-06-16,87.69,75.94,71.51,59.39
2026-06-17,94.53,78.85,73.61,62.42
2026-06-18,88.43,77.79,72.59,60.2
2026-06-22,91.72,78.25,72.78,60.59
2026-06-23,99.5,82.51,74.39,61.48
2026-06-24,95.58,82.37,74.64,60.62
2026-06-25,91.19,78.74,72.2,59.89
2026-06-26,89.02,77.32,71.53,61.18
2026-06-29,88.71,77.08,71.64,59.26
2026-06-30,86.87,74.79,70.35,59.16
2026-07-01,89.04,76.45,71.4,60.01
2026-07-02,88.8,76.29,71.26,59.37
2026-07-06,87.09,75.73,70.89,59.74
2026-07-07,87.9,75.28,71.26,59.48
2026-07-08,91.38,76.83,71.56,60.02
2026-07-09,88.78,76.41,71.69,59.65
2026-07-10,87.28,75.79,71.46,59.87
2026-07-13,95.28,79.25,73.76,60.92
2026-07-14,93.53,78.82,73.59,60.92
2026-07-15,91.85,76.94,72.87,59.99
2026-07-16,97.31,78.87,73.82,62.08
2026-07-17,104.87,82.25,75.94,60.99
2026-07-20,102.82,81.78,75.84,61.35
2026-07-21,96.34,79.12,74.49,60.67
2026-07-22,95.55,79.37,74.35,61.14
2026-07-23,102.17,83.38,77.2,61.9
2026-07-24,100.73,81.62,75.8,61.63
2026-07-27,100.91,80.76,74.43,60.93
2026-07-28,98.51,79.45,73.77,61.42
2026-07-29,109.47,83.81,75.62,61.54
2026-07-30,94.66,77.55,73.03,60.68
2026-07-31,91.64,75.01,70.96,58.81
2026-08-03,90.81,75.35,70.96,59.16
2026-08-04,92.57,76.77,71.56,58.94
2026-08-05,90.43,74.64,70.17,58.65
2026-08-06,88.72,74.35,70.86,58.86
2026-08-07,90.42,76.0,71.75,59.13
2026-08-10,92.51,76.58,71.9,59.52
2026-08-11,90.9,75.63,71.61,59.1
2026-08-12,88.5,74.42,71.27,58.99
2026-08-13,89.42,76.81,71.94,59.61
2026-08-14,87.48,76.52,72.64,59.97
2026-08-17,93.92,80.79,74.69,60.15
2026-08-18,92.87,78.06,73.79,59.53
2026-08-19,86.53,75.63,72.59,59.32
2026-08-20,89.86,77.6,73.56,59.69
2026-08-21,86.27,75.15,71.68,59.55
2026-08-24,88.64,75.63,71.96,58.83
2026-08-25,85.67,74.1,70.78,58.57
2026-08-26,85.24,73.52,70.82,58.42
2026-08-27,82.9,73.23,70.37,58.82
2026-08-28,86.63,74.83,71.49,59.48
2026-08-31,86.29,74.71,71.23,59.65
2026-09-01,91.25,76.53,71.71,59.54
2026-09-02,86.25,73.95,70.58,59.29
2026-09-03,83.8,72.43,69.9,58.84
2026-09-04,84.42,73.35,70.74,59.42
2026-09-08,88.69,75.71,71.74,59.58
2026-09-09,94.5,76.65,72.66,59.97
2026-09-10,102.66,79.7,73.25,60.2
2026-09-11,91.28,75.11,70.57,58.34
2026-09-14,94.89,76.57,71.15,58.86
2026-09-15,94.91,76.19,71.35,59.39
2026-09-16,95.41,77.82,72.61,59.71
